timestamp,vehicle_speed_mph,map_speed_mph,pos_x,pos_z,webots_connected,detected_speed,confirmed_speed,confidence,is_overspeed,is_temporary
0.122,30.0,30.0,0.0,0.0,0,0,0,0.0,0,0
0.345,30.0,50.0,0.0,0.0,0,0,0,0.0,0,0
0.432,30.0,50.0,0.0,0.0,0,0,0,0.0,0,0
0.501,30.0,50.0,0.0,0.0,0,0,0,0.0,0,0
0.57,30.0,50.0,0.0,0.0,0,0,0,0.0,0,0
0.636,30.0,50.0,0.0,0.0,0,0,0,0.0,0,0
0.742,30.0,50.0,0.0,0.0,0,0,0,0.0,0,0
0.836,30.0,50.0,0.0,0.0,0,0,0,0.0,0,0
0.934,30.0,50.0,0.0,0.0,0,0,0,0.0,0,0
0.991,30.0,50.0,0.0,0.0,0,0,0,0.0,0,0
1.062,30.0,50.0,0.0,0.0,0,0,0,0.0,0,0
1.126,30.0,50.0,0.0,0.0,0,0,0,0.0,0,0
1.193,30.0,50.0,0.0,0.0,0,0,0,0.0,0,0
1.26,30.0,50.0,0.0,0.0,0,0,0,0.0,0,0
1.33,30.0,50.0,0.0,0.0,0,0,0,0.0,0,0
1.392,30.0,50.0,0.0,0.0,0,0,0,0.0,0,0
1.461,30.0,50.0,0.0,0.0,0,0,0,0.0,0,0
1.526,30.0,50.0,0.0,0.0,0,0,0,0.0,0,0
1.598,30.0,50.0,0.0,0.0,0,0,0,0.0,0,0
1.66,30.0,50.0,0.0,0.0,0,0,0,0.0,0,0
1.727,30.0,50.0,0.0,0.0,0,0,0,0.0,0,0
1.791,30.0,50.0,0.0,0.0,0,0,0,0.0,0,0
1.862,30.0,50.0,0.0,0.0,0,0,0,0.0,0,0
1.926,30.0,50.0,0.0,0.0,0,0,0,0.0,0,0
1.994,30.0,50.0,0.0,0.0,0,0,0,0.0,0,0
2.059,30.0,50.0,0.0,0.0,0,0,0,0.0,0,0
2.126,30.0,50.0,0.0,0.0,0,0,0,0.0,0,0
2.195,30.0,50.0,0.0,0.0,0,0,0,0.0,0,0
2.257,30.0,50.0,0.0,0.0,0,0,0,0.0,0,0
2.333,30.0,50.0,0.0,0.0,0,0,0,0.0,0,0
2.394,30.0,50.0,0.0,0.0,0,0,0,0.0,0,0
2.459,30.0,50.0,0.0,0.0,0,0,0,0.0,0,0
2.524,30.0,50.0,0.0,0.0,0,0,0,0.0,0,0
2.598,30.0,50.0,0.0,0.0,0,0,0,0.0,0,0
2.66,30.0,50.0,0.0,0.0,0,0,0,0.0,0,0
2.732,30.0,50.0,0.0,0.0,0,0,0,0.0,0,0
2.799,30.0,50.0,0.0,0.0,0,0,0,0.0,0,0
2.872,30.0,50.0,0.0,0.0,0,0,0,0.0,0,0
2.98,30.0,50.0,0.0,0.0,0,0,0,0.0,0,0
3.084,30.0,50.0,0.0,0.0,0,0,0,0.0,0,0
3.188,30.0,50.0,0.0,0.0,0,0,0,0.0,0,0
3.279,30.0,50.0,0.0,0.0,0,0,0,0.0,0,0
3.379,30.0,50.0,0.0,0.0,0,0,0,0.0,0,0
3.486,30.0,50.0,0.0,0.0,0,0,0,0.0,0,0
3.577,30.0,50.0,0.0,0.0,0,0,0,0.0,0,0
3.668,30.0,50.0,0.0,0.0,0,0,0,0.0,0,0
3.738,30.0,50.0,0.0,0.0,0,0,0,0.0,0,0
3.838,30.0,50.0,0.0,0.0,0,0,0,0.0,0,0
3.939,30.0,50.0,0.0,0.0,0,0,0,0.0,0,0
4.04,30.0,50.0,0.0,0.0,0,0,0,0.0,0,0
4.134,30.0,50.0,0.0,0.0,0,0,0,0.0,0,0
4.201,30.0,50.0,0.0,0.0,0,0,0,0.0,0,0
4.262,30.0,50.0,0.0,0.0,0,0,0,0.0,0,0
4.337,30.0,50.0,0.0,0.0,0,0,0,0.0,0,0
4.437,30.0,50.0,0.0,0.0,0,0,0,0.0,0,0
4.533,30.0,50.0,0.0,0.0,0,0,0,0.0,0,0
4.601,30.0,50.0,0.0,0.0,0,0,0,0.0,0,0
4.665,30.0,50.0,0.0,0.0,0,0,0,0.0,0,0
4.73,30.0,50.0,0.0,0.0,0,0,0,0.0,0,0
4.798,30.0,50.0,0.0,0.0,0,0,0,0.0,0,0
4.866,30.0,50.0,0.0,0.0,0,0,0,0.0,0,0
4.934,30.0,50.0,0.0,0.0,0,0,0,0.0,0,0
4.993,30.0,50.0,0.0,0.0,0,0,0,0.0,0,0
5.06,30.0,50.0,0.0,0.0,0,0,0,0.0,0,0
5.128,30.0,50.0,0.0,0.0,0,0,0,0.0,0,0
5.201,30.0,50.0,0.0,0.0,0,0,0,0.0,0,0
5.265,30.0,50.0,0.0,0.0,0,0,0,0.0,0,0
5.326,30.0,50.0,0.0,0.0,0,0,0,0.0,0,0
5.392,30.0,50.0,0.0,0.0,0,0,0,0.0,0,0
5.46,30.0,50.0,0.0,0.0,0,0,0,0.0,0,0
5.527,30.0,50.0,0.0,0.0,0,0,0,0.0,0,0
5.595,30.0,50.0,0.0,0.0,0,0,0,0.0,0,0
5.663,30.0,50.0,0.0,0.0,0,0,0,0.0,0,0
5.732,30.0,50.0,0.0,0.0,0,0,0,0.0,0,0
5.805,30.0,50.0,0.0,0.0,0,0,0,0.0,0,0
5.9,30.0,50.0,0.0,0.0,0,0,0,0.0,0,0
5.963,30.0,50.0,0.0,0.0,0,0,0,0.0,0,0
6.03,30.0,50.0,0.0,0.0,0,0,0,0.0,0,0
6.098,30.0,50.0,0.0,0.0,0,0,0,0.0,0,0
6.163,30.0,50.0,0.0,0.0,0,0,0,0.0,0,0
6.226,30.0,50.0,0.0,0.0,0,0,0,0.0,0,0
6.298,30.0,50.0,0.0,0.0,0,0,0,0.0,0,0
6.358,30.0,50.0,0.0,0.0,0,0,0,0.0,0,0
6.438,30.0,50.0,0.0,0.0,0,0,0,0.0,0,0
6.509,30.0,50.0,0.0,0.0,0,0,0,0.0,0,0
6.599,30.0,50.0,0.0,0.0,0,0,0,0.0,0,0
6.673,30.0,50.0,0.0,0.0,0,0,0,0.0,0,0
6.771,30.0,50.0,0.0,0.0,0,0,0,0.0,0,0
6.869,30.0,50.0,0.0,0.0,0,0,0,0.0,0,0
6.931,30.0,50.0,0.0,0.0,0,0,0,0.0,0,0
7.0,30.0,50.0,0.0,0.0,0,0,0,0.0,0,0
7.061,30.0,50.0,0.0,0.0,0,0,0,0.0,0,0
7.126,30.0,50.0,0.0,0.0,0,0,0,0.0,0,0
7.195,30.0,50.0,0.0,0.0,0,0,0,0.0,0,0
7.267,30.0,50.0,0.0,0.0,0,0,0,0.0,0,0
7.331,30.0,50.0,0.0,0.0,0,0,0,0.0,0,0
7.403,30.0,50.0,0.0,0.0,0,0,0,0.0,0,0
7.497,30.0,50.0,0.0,0.0,0,0,0,0.0,0,0
7.561,30.0,50.0,0.0,0.0,0,0,0,0.0,0,0
7.628,30.0,50.0,0.0,0.0,0,0,0,0.0,0,0
7.693,30.0,50.0,0.0,0.0,0,0,0,0.0,0,0
7.764,30.0,50.0,0.0,0.0,0,0,0,0.0,0,0
7.831,30.0,50.0,0.0,0.0,0,0,0,0.0,0,0
7.896,30.0,50.0,0.0,0.0,0,0,0,0.0,0,0
7.961,30.0,50.0,0.0,0.0,0,0,0,0.0,0,0
8.03,30.0,50.0,0.0,0.0,0,0,0,0.0,0,0
8.097,30.0,50.0,0.0,0.0,0,0,0,0.0,0,0
8.172,30.0,50.0,0.0,0.0,0,0,0,0.0,0,0
8.274,30.0,50.0,0.0,0.0,0,0,0,0.0,0,0
8.367,30.0,50.0,0.0,0.0,0,0,0,0.0,0,0
8.465,30.0,50.0,0.0,0.0,0,0,0,0.0,0,0
8.523,30.0,50.0,0.0,0.0,0,0,0,0.0,0,0
8.596,30.0,50.0,0.0,0.0,0,0,0,0.0,0,0
8.662,30.0,50.0,0.0,0.0,0,0,0,0.0,0,0
8.726,30.0,50.0,0.0,0.0,0,0,0,0.0,0,0
8.797,30.0,50.0,0.0,0.0,0,0,0,0.0,0,0
8.865,30.0,50.0,0.0,0.0,0,0,0,0.0,0,0
8.933,30.0,50.0,0.0,0.0,0,0,0,0.0,0,0
9.002,30.0,50.0,0.0,0.0,0,0,0,0.0,0,0
9.064,30.0,50.0,0.0,0.0,0,0,0,0.0,0,0
9.128,30.0,50.0,0.0,0.0,0,0,0,0.0,0,0
9.196,30.0,50.0,0.0,0.0,0,0,0,0.0,0,0
9.264,30.0,50.0,0.0,0.0,0,0,0,0.0,0,0
9.337,30.0,50.0,0.0,0.0,0,0,0,0.0,0,0
9.451,30.0,50.0,0.0,0.0,0,0,0,0.0,0,0
9.534,30.0,50.0,0.0,0.0,0,0,0,0.0,0,0
9.643,30.0,50.0,0.0,0.0,0,0,0,0.0,0,0
9.736,30.0,50.0,0.0,0.0,0,0,0,0.0,0,0
9.798,30.0,50.0,0.0,0.0,0,0,0,0.0,0,0
9.866,30.0,50.0,0.0,0.0,0,0,0,0.0,0,0
9.928,30.0,50.0,0.0,0.0,0,0,0,0.0,0,0
9.993,30.0,50.0,0.0,0.0,0,0,0,0.0,0,0
10.063,30.0,50.0,0.0,0.0,0,0,0,0.0,0,0
10.129,30.0,50.0,0.0,0.0,0,0,0,0.0,0,0
10.197,30.0,50.0,0.0,0.0,0,0,0,0.0,0,0
10.263,30.0,50.0,0.0,0.0,0,0,0,0.0,0,0
10.33,30.0,50.0,0.0,0.0,0,0,0,0.0,0,0
10.397,30.0,50.0,0.0,0.0,0,0,0,0.0,0,0
10.461,30.0,50.0,0.0,0.0,0,0,0,0.0,0,0
10.526,30.0,50.0,0.0,0.0,0,0,0,0.0,0,0
10.594,30.0,50.0,0.0,0.0,0,0,0,0.0,0,0
10.66,30.0,50.0,0.0,0.0,0,0,0,0.0,0,0
10.735,30.0,50.0,0.0,0.0,0,0,0,0.0,0,0
10.801,30.0,50.0,0.0,0.0,0,0,0,0.0,0,0
10.868,30.0,50.0,0.0,0.0,0,0,0,0.0,0,0
10.93,30.0,50.0,0.0,0.0,0,0,0,0.0,0,0
10.999,30.0,50.0,0.0,0.0,0,0,0,0.0,0,0
11.064,30.0,50.0,0.0,0.0,0,0,0,0.0,0,0
11.129,30.0,50.0,0.0,0.0,0,0,0,0.0,0,0
11.196,30.0,50.0,0.0,0.0,0,0,0,0.0,0,0
11.263,30.0,50.0,0.0,0.0,0,0,0,0.0,0,0
11.328,30.0,50.0,0.0,0.0,0,0,0,0.0,0,0
11.393,30.0,50.0,0.0,0.0,0,0,0,0.0,0,0
11.465,30.0,50.0,0.0,0.0,0,0,0,0.0,0,0
11.54,30.0,50.0,0.0,0.0,0,0,0,0.0,0,0
11.628,30.0,50.0,0.0,0.0,0,0,0,0.0,0,0
11.694,30.0,50.0,0.0,0.0,0,0,0,0.0,0,0
11.759,30.0,50.0,0.0,0.0,0,0,0,0.0,0,0
11.825,30.0,50.0,0.0,0.0,0,0,0,0.0,0,0
11.891,30.0,50.0,0.0,0.0,0,0,0,0.0,0,0
11.959,30.0,50.0,0.0,0.0,0,0,0,0.0,0,0
12.029,30.0,50.0,0.0,0.0,0,0,0,0.0,0,0
12.097,30.0,50.0,0.0,0.0,0,0,0,0.0,0,0
12.164,30.0,50.0,0.0,0.0,0,0,0,0.0,0,0
12.232,30.0,50.0,0.0,0.0,0,0,0,0.0,0,0
12.299,30.0,50.0,0.0,0.0,0,0,0,0.0,0,0
12.363,30.0,50.0,0.0,0.0,0,0,0,0.0,0,0
12.43,30.0,50.0,0.0,0.0,0,0,0,0.0,0,0
12.497,30.0,50.0,0.0,0.0,0,0,0,0.0,0,0
12.566,30.0,50.0,0.0,0.0,0,0,0,0.0,0,0
12.628,30.0,50.0,0.0,0.0,0,0,0,0.0,0,0
12.69,30.0,50.0,0.0,0.0,0,0,0,0.0,0,0
12.759,30.0,50.0,0.0,0.0,0,0,0,0.0,0,0
12.828,30.0,50.0,0.0,0.0,0,0,0,0.0,0,0
12.892,30.0,50.0,0.0,0.0,0,0,0,0.0,0,0
12.959,30.0,50.0,0.0,0.0,0,0,0,0.0,0,0
13.026,30.0,50.0,0.0,0.0,0,0,0,0.0,0,0
13.091,30.0,50.0,0.0,0.0,0,0,0,0.0,0,0
13.158,30.0,50.0,0.0,0.0,0,0,0,0.0,0,0
13.225,30.0,50.0,0.0,0.0,0,0,0,0.0,0,0
13.292,30.0,50.0,0.0,0.0,0,0,0,0.0,0,0
13.359,30.0,50.0,0.0,0.0,0,0,0,0.0,0,0
13.427,30.0,50.0,0.0,0.0,0,0,0,0.0,0,0
13.496,30.0,50.0,0.0,0.0,0,0,0,0.0,0,0
13.561,30.0,50.0,0.0,0.0,0,0,0,0.0,0,0
13.624,30.0,50.0,0.0,0.0,0,0,0,0.0,0,0
13.689,30.0,50.0,0.0,0.0,0,0,0,0.0,0,0
13.758,30.0,50.0,0.0,0.0,0,0,0,0.0,0,0
13.849,30.0,50.0,0.0,0.0,0,0,0,0.0,0,0
13.939,30.0,50.0,0.0,0.0,0,0,0,0.0,0,0
14.043,30.9,50.0,-71.15,0.32,1,0,0,0.0,0,0
14.14,31.0,30.0,-69.78,0.32,1,0,0,0.0,0,0
14.244,31.1,30.0,-68.39,0.32,1,0,0,0.0,0,0
14.34,31.1,30.0,-66.32,0.32,1,0,0,0.0,0,0
14.437,31.0,30.0,-64.94,0.32,1,0,0,0.0,0,0
14.539,31.0,30.0,-63.56,0.32,1,0,0,0.0,0,0
14.633,31.0,30.0,-63.56,0.32,1,0,0,0.0,0,0
14.701,30.8,30.0,-62.2,0.32,1,0,0,0.0,0,0
14.764,30.8,30.0,-60.85,0.32,1,0,0,0.0,0,0
14.832,30.8,30.0,-60.85,0.32,1,0,0,0.0,0,0
14.896,31.1,30.0,-58.85,0.32,1,0,0,0.0,0,0
14.967,31.1,30.0,-58.85,0.32,1,0,0,0.0,0,0
15.03,31.4,30.0,-57.51,0.31,1,0,0,0.0,0,0
15.098,31.4,30.0,-57.51,0.31,1,0,0,0.0,0,0
15.165,30.6,30.0,-56.19,0.32,1,0,0,0.0,0,0
15.233,30.5,30.0,-54.86,0.32,1,0,0,0.0,0,0
15.298,30.5,30.0,-54.86,0.32,1,0,0,0.0,0,0
15.364,30.8,30.0,-53.51,0.32,1,0,0,0.0,0,0
15.432,30.8,30.0,-53.51,0.32,1,0,0,0.0,0,0
15.497,30.9,30.0,-51.44,0.32,1,0,0,0.0,0,0
15.561,31.0,30.0,-50.06,0.32,1,0,0,0.0,0,0
15.629,31.0,30.0,-50.06,0.32,1,0,0,0.0,0,0
15.696,30.9,30.0,-48.67,0.32,1,0,0,0.0,0,0
15.767,30.9,30.0,-48.67,0.32,1,0,0,0.0,0,0
15.835,31.0,30.0,-47.29,0.32,1,0,0,0.0,0,0
15.899,31.0,30.0,-47.29,0.32,1,0,0,0.0,0,0
15.964,31.0,30.0,-45.91,0.32,1,0,0,0.0,0,0
16.032,31.0,30.0,-45.91,0.32,1,0,0,0.0,0,0
16.096,31.0,30.0,-43.84,0.32,1,0,0,0.0,0,0
16.164,31.0,30.0,-42.46,0.32,1,0,0,0.0,0,0
16.231,31.0,30.0,-42.46,0.32,1,0,0,0.0,0,0
16.297,31.1,30.0,-41.09,0.32,1,0,0,0.0,0,0
16.365,31.1,30.0,-41.09,0.32,1,0,0,0.0,0,0
16.434,31.1,30.0,-39.72,0.32,1,0,0,0.0,0,0
16.498,31.1,50.0,-39.72,0.32,1,0,0,0.0,0,0
16.563,31.1,50.0,-38.35,0.32,1,0,0,0.0,0,0
16.632,31.1,50.0,-36.28,0.32,1,0,0,0.0,0,0
16.696,31.1,50.0,-36.28,0.32,1,0,0,0.0,0,0
16.765,31.1,50.0,-34.9,0.32,1,0,0,0.0,0,0
16.829,31.1,50.0,-34.9,0.32,1,0,0,0.0,0,0
16.895,31.1,50.0,-33.52,0.32,1,0,0,0.0,0,0
16.964,31.1,50.0,-32.14,0.32,1,0,0,0.0,0,0
17.035,31.1,50.0,-32.14,0.32,1,0,0,0.0,0,0
17.098,31.1,50.0,-30.76,0.32,1,0,0,0.0,0,0
17.165,31.1,50.0,-30.76,0.32,1,0,0,0.0,0,0
17.231,31.1,50.0,-28.68,0.32,1,0,0,0.0,0,0
17.298,31.1,50.0,-28.68,0.32,1,0,0,0.0,0,0
17.364,31.1,50.0,-27.3,0.32,1,0,0,0.0,0,0
17.431,31.1,50.0,-25.91,0.32,1,0,0,0.0,0,0
17.496,31.1,50.0,-25.91,0.32,1,0,0,0.0,0,0
17.564,31.1,50.0,-24.52,0.32,1,0,0,0.0,0,0
17.629,31.1,50.0,-24.52,0.32,1,0,0,0.0,0,0
17.696,31.1,50.0,-23.13,0.32,1,0,0,0.0,0,0
17.764,31.1,50.0,-23.13,0.32,1,0,0,0.0,0,0
17.832,31.1,50.0,-21.05,0.32,1,0,0,0.0,0,0
17.897,31.1,50.0,-19.66,0.32,1,0,0,0.0,0,0
17.963,31.1,50.0,-19.66,0.32,1,0,0,0.0,0,0
18.031,31.1,50.0,-18.27,0.32,1,0,0,0.0,0,0
18.096,31.1,50.0,-18.27,0.32,1,0,0,0.0,0,0
18.165,31.1,50.0,-16.88,0.32,1,0,0,0.0,0,0
18.229,31.1,50.0,-16.88,0.32,1,0,0,0.0,0,0
18.295,31.1,50.0,-15.5,0.32,1,0,0,0.0,0,0
18.363,31.1,50.0,-13.41,0.32,1,0,0,0.0,0,0
18.432,31.1,50.0,-13.41,0.32,1,0,0,0.0,0,0
18.499,31.1,50.0,-12.03,0.32,1,0,0,0.0,0,0
18.562,31.1,50.0,-12.03,0.32,1,0,0,0.0,0,0
18.627,31.1,50.0,-10.64,0.32,1,0,0,0.0,0,0
18.694,31.1,50.0,-10.64,0.32,1,0,0,0.0,0,0
18.762,31.1,50.0,-9.25,0.32,1,0,0,0.0,0,0
18.828,31.1,50.0,-7.86,0.32,1,0,0,0.0,0,0
18.899,31.1,50.0,-7.86,0.32,1,0,0,0.0,0,0
18.964,31.1,50.0,-5.78,0.32,1,0,0,0.0,0,0
19.03,31.1,50.0,-5.78,0.32,1,0,0,0.0,0,0
19.098,31.1,50.0,-4.39,0.32,1,0,0,0.0,0,0
19.165,31.1,50.0,-3.0,0.32,1,0,0,0.0,0,0
19.229,31.1,50.0,-3.0,0.32,1,0,0,0.0,0,0
19.297,31.1,50.0,-1.61,0.32,1,0,0,0.0,0,0
19.365,31.1,50.0,-1.61,0.32,1,0,0,0.0,0,0
19.432,31.1,50.0,-0.22,0.32,1,0,0,0.0,0,0
19.496,31.1,50.0,-0.22,0.32,1,0,0,0.0,0,0
19.562,31.1,50.0,1.86,0.32,1,0,0,0.0,0,0
19.628,31.1,60.0,3.25,0.32,1,0,0,0.0,0,0
19.695,31.1,60.0,3.25,0.32,1,0,0,0.0,0,0
19.762,31.1,60.0,4.63,0.32,1,0,0,0.0,0,0
19.83,31.1,60.0,4.63,0.32,1,0,0,0.0,0,0
19.897,31.0,60.0,6.02,0.32,1,0,0,0.0,0,0
19.962,31.0,60.0,6.02,0.32,1,0,0,0.0,0,0
20.034,31.0,60.0,7.41,0.32,1,0,0,0.0,0,0
20.095,31.0,60.0,9.48,0.32,1,0,0,0.0,0,0
20.163,31.0,60.0,9.48,0.32,1,0,0,0.0,0,0
20.233,31.0,60.0,10.86,0.32,1,0,0,0.0,0,0
20.298,31.0,60.0,10.86,0.32,1,0,0,0.0,0,0
20.367,31.0,60.0,12.23,0.32,1,0,0,0.0,0,0
20.429,31.0,60.0,12.23,0.32,1,0,0,0.0,0,0
20.497,31.0,60.0,13.59,0.32,1,0,0,0.0,0,0
20.561,30.9,60.0,14.95,0.32,1,0,0,0.0,0,0
20.63,30.9,60.0,14.95,0.32,1,0,0,0.0,0,0
20.693,30.9,60.0,16.96,0.32,1,0,0,0.0,0,0
20.764,30.9,60.0,16.96,0.32,1,0,0,0.0,0,0
20.83,31.0,60.0,18.29,0.32,1,0,0,0.0,0,0
20.895,31.0,60.0,18.29,0.32,1,0,0,0.0,0,0
20.962,30.9,60.0,19.6,0.32,1,0,0,0.0,0,0
21.031,30.9,60.0,20.89,0.32,1,0,0,0.0,0,0
21.096,30.9,60.0,20.89,0.32,1,0,0,0.0,0,0
21.162,30.9,60.0,22.16,0.32,1,0,0,0.0,0,0
21.23,30.9,60.0,22.16,0.32,1,0,0,0.0,0,0
21.297,30.9,60.0,24.03,0.32,1,0,0,0.0,0,0
21.361,30.8,60.0,25.25,0.32,1,0,0,0.0,0,0
21.431,30.8,60.0,25.25,0.32,1,0,0,0.0,0,0
21.495,30.9,60.0,26.43,0.32,1,0,0,0.0,0,0
21.562,30.9,60.0,26.43,0.32,1,0,0,0.0,0,0
21.629,30.8,60.0,27.59,0.32,1,0,0,0.0,0,0
21.694,30.8,60.0,27.59,0.32,1,0,0,0.0,0,0
21.763,30.9,60.0,28.72,0.32,1,0,0,0.0,0,0
21.83,30.9,60.0,30.35,0.32,1,0,0,0.0,0,0
21.895,30.9,60.0,30.35,0.32,1,0,0,0.0,0,0
21.961,30.8,60.0,31.39,0.32,1,0,0,0.0,0,0
22.031,30.8,60.0,31.39,0.32,1,0,0,0.0,0,0
22.095,30.9,60.0,32.4,0.32,1,0,0,0.0,0,0
22.163,30.9,60.0,32.4,0.32,1,0,0,0.0,0,0
22.23,30.9,60.0,33.37,0.32,1,0,0,0.0,0,0
22.295,30.9,60.0,34.3,0.32,1,0,0,0.0,0,0
22.364,30.9,60.0,34.3,0.32,1,0,0,0.0,0,0
22.431,30.9,60.0,35.62,0.32,1,0,0,0.0,0,0
22.497,30.9,60.0,35.62,0.32,1,0,0,0.0,0,0
22.561,30.9,60.0,36.45,0.32,1,0,0,0.0,0,0
22.629,30.9,60.0,37.24,0.32,1,0,0,0.0,0,0
22.695,30.9,60.0,37.24,0.32,1,0,0,0.0,0,0
22.763,30.9,60.0,37.98,0.32,1,0,0,0.0,0,0
22.83,30.9,60.0,37.98,0.32,1,0,0,0.0,0,0
22.895,30.9,60.0,38.69,0.32,1,0,0,0.0,0,0
22.96,30.9,60.0,38.69,0.32,1,0,0,0.0,0,0
23.033,30.9,60.0,39.66,0.32,1,0,0,0.0,0,0
23.098,31.0,60.0,40.26,0.32,1,0,0,0.0,0,0
23.165,31.0,70.0,40.26,0.32,1,0,0,0.0,0,0
23.227,30.9,70.0,40.82,0.32,1,0,0,0.0,0,0
23.293,30.9,70.0,40.82,0.32,1,0,0,0.0,0,0
23.365,30.9,70.0,41.33,0.32,1,0,0,0.0,0,0
23.43,30.9,70.0,41.33,0.32,1,0,0,0.0,0,0
23.496,31.0,70.0,41.8,0.32,1,0,0,0.0,0,0
23.562,31.0,70.0,42.42,0.32,1,0,0,0.0,0,0
23.628,31.0,70.0,42.42,0.32,1,0,0,0.0,0,0
23.695,30.9,70.0,42.78,0.32,1,0,0,0.0,0,0
23.765,30.9,70.0,42.78,0.32,1,0,0,0.0,0,0
23.829,31.0,70.0,43.09,0.32,1,0,0,0.0,0,0
23.898,31.0,70.0,43.09,0.32,1,0,0,0.0,0,0
23.965,30.9,70.0,43.37,0.32,1,0,0,0.0,0,0
24.031,30.9,70.0,43.37,0.32,1,0,0,0.0,0,0
24.12,31.0,70.0,43.6,0.32,1,0,0,0.0,0,0
24.196,31.0,70.0,43.86,0.32,1,0,0,0.0,0,0
24.276,31.1,70.0,44.0,0.32,1,0,0,0.0,0,0
24.367,31.1,70.0,44.0,0.32,1,0,0,0.0,0,0
24.462,31.1,70.0,44.13,0.32,1,0,0,0.0,0,0
24.528,31.1,70.0,44.27,0.32,1,0,0,0.0,0,0
24.596,31.1,70.0,44.27,0.32,1,0,0,0.0,0,0
24.66,31.1,70.0,44.4,0.32,1,0,0,0.0,0,0
24.725,31.0,70.0,44.57,0.32,1,0,0,0.0,0,0
24.796,31.0,70.0,44.57,0.32,1,0,0,0.0,0,0
24.864,31.0,70.0,44.68,0.32,1,0,0,0.0,0,0
24.929,31.0,70.0,44.68,0.32,1,0,0,0.0,0,0
24.995,31.0,70.0,44.79,0.32,1,0,0,0.0,0,0
25.063,31.0,70.0,44.79,0.32,1,0,0,0.0,0,0
25.128,31.0,70.0,44.89,0.32,1,0,0,0.0,0,0
25.193,31.0,70.0,44.98,0.32,1,0,0,0.0,0,0
25.268,31.0,70.0,44.98,0.32,1,0,0,0.0,0,0
25.392,31.0,70.0,45.1,0.32,1,0,0,0.0,0,0
25.496,31.0,70.0,45.18,0.32,1,0,0,0.0,0,0
25.632,31.1,70.0,45.24,0.32,1,0,0,0.0,0,0
25.704,31.0,70.0,45.3,0.32,1,0,0,0.0,0,0
25.795,30.6,70.0,45.31,0.32,1,0,0,0.0,0,0
25.864,30.6,70.0,45.31,0.32,1,0,0,0.0,0,0
25.945,31.2,70.0,45.16,0.32,1,0,0,0.0,0,0
26.049,31.1,70.0,45.03,0.32,1,0,0,0.0,0,0
26.146,31.2,70.0,44.88,0.32,1,0,0,0.0,0,0
26.233,31.0,70.0,44.76,0.32,1,0,0,0.0,0,0
26.338,31.0,70.0,44.76,0.32,1,0,0,0.0,0,0
26.445,31.1,70.0,44.67,0.32,1,0,0,0.0,0,0
26.537,31.1,70.0,44.56,0.32,1,0,0,0.0,0,0
26.633,31.0,70.0,44.51,0.32,1,0,0,0.0,0,0
26.735,31.1,70.0,44.48,0.32,1,0,0,0.0,0,0
26.84,31.1,70.0,44.44,0.32,1,0,0,0.0,0,0
26.966,31.1,70.0,44.42,0.32,1,0,0,0.0,0,0
27.071,30.1,70.0,44.4,0.32,1,0,0,0.0,0,0
27.174,31.2,70.0,44.37,0.31,1,0,0,0.0,0,0
27.283,31.2,70.0,44.37,0.31,1,0,0,0.0,0,0
27.39,31.4,70.0,44.34,0.35,1,0,0,0.0,0,0
27.472,31.1,70.0,44.34,0.38,1,0,0,0.0,0,0
27.576,31.0,70.0,44.37,0.37,1,0,0,0.0,0,0
27.672,31.0,70.0,44.42,0.35,1,0,0,0.0,0,0
27.774,31.2,70.0,44.46,0.35,1,0,0,0.0,0,0
27.921,31.1,70.0,44.5,0.36,1,0,0,0.0,0,0
28.025,31.0,70.0,44.54,0.32,1,0,0,0.0,0,0
28.112,31.0,70.0,44.59,0.3,1,0,0,0.0,0,0
28.247,31.0,70.0,44.59,0.3,1,0,0,0.0,0,0
28.337,31.1,70.0,44.71,0.32,1,0,0,0.0,0,0
28.444,31.1,70.0,44.76,0.32,1,0,0,0.0,0,0
28.534,31.1,70.0,44.76,0.32,1,0,0,0.0,0,0
28.67,31.1,70.0,44.8,0.32,1,0,0,0.0,0,0
28.77,31.1,70.0,44.84,0.31,1,0,0,0.0,0,0
28.875,31.1,70.0,44.89,0.32,1,0,0,0.0,0,0
28.968,31.1,70.0,44.92,0.32,1,0,0,0.0,0,0
29.07,31.1,70.0,44.95,0.32,1,0,0,0.0,0,0
29.229,31.1,70.0,44.97,0.32,1,0,0,0.0,0,0
29.306,31.1,70.0,44.99,0.32,1,0,0,0.0,0,0
29.41,31.1,70.0,45.01,0.32,1,0,0,0.0,0,0
29.505,31.1,70.0,45.01,0.32,1,0,0,0.0,0,0
29.66,31.1,70.0,45.0,0.32,1,0,0,0.0,0,0
29.774,31.1,70.0,44.98,0.32,1,0,0,0.0,0,0
29.92,31.1,70.0,44.95,0.32,1,0,0,0.0,0,0
30.097,31.0,70.0,44.85,0.32,1,0,0,0.0,0,0
30.186,31.0,70.0,44.76,0.32,1,0,0,0.0,0,0
30.339,31.0,70.0,44.49,0.32,1,0,0,0.0,0,0
30.482,31.0,70.0,44.3,0.32,1,0,0,0.0,0,0
30.574,31.0,70.0,43.94,0.32,1,0,0,0.0,0,0
30.671,31.0,70.0,43.66,0.32,1,0,0,0.0,0,0
30.846,31.0,70.0,43.33,0.32,1,0,0,0.0,0,0
30.942,30.9,70.0,42.96,0.32,1,0,0,0.0,0,0
31.045,30.9,70.0,42.54,0.32,1,0,0,0.0,0,0
31.147,30.9,70.0,41.81,0.32,1,0,0,0.0,0,0
31.287,30.9,70.0,41.28,0.32,1,0,0,0.0,0,0
31.373,30.9,70.0,40.69,0.32,1,0,0,0.0,0,0
31.475,30.9,70.0,40.05,0.32,1,0,0,0.0,0,0
31.567,30.8,70.0,39.36,0.32,1,0,0,0.0,0,0
31.665,30.9,60.0,38.25,0.32,1,0,0,0.0,0,0
31.767,30.9,60.0,38.25,0.32,1,0,0,0.0,0,0
31.896,30.9,60.0,37.44,0.32,1,0,0,0.0,0,0
31.967,30.9,60.0,36.6,0.32,1,0,0,0.0,0,0
32.071,30.9,60.0,35.71,0.32,1,0,0,0.0,0,0
32.167,30.8,60.0,34.78,0.32,1,0,0,0.0,0,0
32.28,30.9,60.0,33.31,0.32,1,0,0,0.0,0,0
32.376,30.9,60.0,32.28,0.32,1,0,0,0.0,0,0
32.535,30.9,60.0,32.28,0.32,1,0,0,0.0,0,0
32.633,30.9,60.0,30.13,0.32,1,0,0,0.0,0,0
32.726,30.9,60.0,29.0,0.32,1,0,0,0.0,0,0
32.794,30.9,60.0,27.26,0.32,1,0,0,0.0,0,0
32.864,30.9,60.0,27.26,0.32,1,0,0,0.0,0,0
32.959,30.9,60.0,26.07,0.32,1,0,0,0.0,0,0
33.027,31.0,60.0,24.85,0.32,1,0,0,0.0,0,0
33.092,31.0,60.0,24.85,0.32,1,0,0,0.0,0,0
33.16,30.9,60.0,23.61,0.32,1,0,0,0.0,0,0
33.226,30.9,60.0,23.61,0.32,1,0,0,0.0,0,0
33.291,31.0,60.0,22.35,0.32,1,0,0,0.0,0,0
33.359,31.0,60.0,20.42,0.32,1,0,0,0.0,0,0
33.428,31.0,60.0,20.42,0.32,1,0,0,0.0,0,0
33.49,30.9,60.0,19.12,0.32,1,0,0,0.0,0,0
33.556,30.9,60.0,19.12,0.32,1,0,0,0.0,0,0
33.624,30.9,60.0,17.8,0.32,1,0,0,0.0,0,0
33.69,30.9,60.0,17.8,0.32,1,0,0,0.0,0,0
33.758,31.0,60.0,16.47,0.32,1,0,0,0.0,0,0
33.824,31.0,60.0,15.12,0.32,1,0,0,0.0,0,0
33.893,31.0,60.0,15.12,0.32,1,0,0,0.0,0,0
33.961,31.0,60.0,13.09,0.32,1,0,0,0.0,0,0
34.029,31.0,60.0,13.09,0.32,1,0,0,0.0,0,0
34.097,31.0,60.0,11.72,0.32,1,0,0,0.0,0,0
34.192,31.0,60.0,10.35,0.32,1,0,0,0.0,0,0
34.258,31.0,60.0,10.35,0.32,1,0,0,0.0,0,0
34.323,31.1,60.0,8.97,0.32,1,0,0,0.0,0,0
34.392,31.1,60.0,7.59,0.32,1,0,0,0.0,0,0
34.459,31.1,60.0,7.59,0.32,1,0,0,0.0,0,0
34.524,31.1,60.0,5.52,0.32,1,0,0,0.0,0,0
34.59,31.1,60.0,5.52,0.32,1,0,0,0.0,0,0
34.659,31.1,60.0,4.13,0.32,1,0,0,0.0,0,0
34.725,31.1,60.0,2.75,0.32,1,0,0,0.0,0,0
34.791,31.1,60.0,2.75,0.32,1,0,0,0.0,0,0
34.858,31.1,60.0,1.36,0.32,1,0,0,0.0,0,0
34.926,31.1,60.0,1.36,0.32,1,0,0,0.0,0,0
34.993,31.1,60.0,-0.02,0.32,1,0,0,0.0,0,0
35.061,31.1,50.0,-0.02,0.32,1,0,0,0.0,0,0
35.126,31.1,50.0,-2.1,0.32,1,0,0,0.0,0,0
35.193,31.1,50.0,-3.49,0.32,1,0,0,0.0,0,0
35.258,31.1,50.0,-3.49,0.32,1,0,0,0.0,0,0
35.324,31.1,50.0,-4.88,0.32,1,0,0,0.0,0,0
35.393,31.1,50.0,-4.88,0.32,1,0,0,0.0,0,0
35.462,31.1,50.0,-6.26,0.32,1,0,0,0.0,0,0
35.613,31.1,50.0,-7.65,0.32,1,0,0,0.0,0,0
35.696,31.1,50.0,-9.73,0.32,1,0,0,0.0,0,0
35.809,31.1,50.0,-11.12,0.32,1,0,0,0.0,0,0
35.898,31.1,50.0,-12.51,0.32,1,0,0,0.0,0,0
35.997,31.1,50.0,-13.9,0.32,1,0,0,0.0,0,0
36.097,31.1,50.0,-13.9,0.32,1,0,0,0.0,0,0
36.2,31.1,50.0,-15.29,0.32,1,0,0,0.0,0,0
36.293,31.1,50.0,-17.37,0.32,1,0,0,0.0,0,0
36.359,31.1,50.0,-18.76,0.32,1,0,0,0.0,0,0
36.427,31.1,50.0,-18.76,0.32,1,0,0,0.0,0,0
36.493,31.1,50.0,-20.15,0.32,1,0,0,0.0,0,0
36.557,31.1,50.0,-20.15,0.32,1,0,0,0.0,0,0
36.626,31.1,50.0,-21.54,0.32,1,0,0,0.0,0,0
36.697,31.1,50.0,-21.54,0.32,1,0,0,0.0,0,0
36.797,31.1,50.0,-22.92,0.32,1,0,0,0.0,0,0
36.897,31.1,50.0,-25.01,0.32,1,0,0,0.0,0,0
37.0,31.1,50.0,-26.4,0.32,1,0,0,0.0,0,0
37.1,31.0,50.0,-27.78,0.32,1,0,0,0.0,0,0
37.196,31.0,50.0,-29.17,0.32,1,0,0,0.0,0,0
37.292,31.0,50.0,-30.56,0.32,1,0,0,0.0,0,0
37.362,31.0,50.0,-30.56,0.32,1,0,0,0.0,0,0
37.461,31.0,50.0,-32.64,0.32,1,0,0,0.0,0,0
37.563,31.0,50.0,-34.03,0.32,1,0,0,0.0,0,0
37.661,31.0,50.0,-35.41,0.32,1,0,0,0.0,0,0
37.763,31.0,50.0,-36.8,0.32,1,0,0,0.0,0,0
37.864,31.0,50.0,-38.19,0.32,1,0,0,0.0,0,0
37.969,31.0,50.0,-38.19,0.32,1,0,0,0.0,0,0
38.061,31.0,50.0,-40.27,0.32,1,0,0,0.0,0,0
38.165,31.1,30.0,-41.66,0.32,1,0,0,0.0,0,0
38.258,31.1,30.0,-43.05,0.32,1,0,0,0.0,0,0
38.33,31.2,30.0,-44.44,0.32,1,0,0,0.0,0,0
38.428,31.2,30.0,-44.44,0.32,1,0,0,0.0,0,0
38.527,31.0,30.0,-45.82,0.32,1,0,0,0.0,0,0
38.594,31.1,30.0,-47.91,0.32,1,0,0,0.0,0,0
38.735,31.1,30.0,-49.29,0.32,1,0,0,0.0,0,0
38.848,31.1,30.0,-50.68,0.32,1,0,0,0.0,0,0
38.928,31.1,30.0,-52.07,0.32,1,0,0,0.0,0,0
39.053,31.1,30.0,-53.46,0.32,1,0,0,0.0,0,0
39.158,30.7,30.0,-55.51,0.32,1,0,0,0.0,0,0
39.25,31.1,30.0,-56.89,0.31,1,0,0,0.0,0,0
39.341,31.1,30.0,-56.89,0.31,1,0,0,0.0,0,0
39.433,31.4,30.0,-58.29,0.36,1,0,0,0.0,0,0
39.53,31.1,30.0,-59.68,0.38,1,0,0,0.0,0,0
39.63,31.0,30.0,-61.07,0.37,1,0,0,0.0,0,0
39.726,30.9,30.0,-63.14,0.35,1,0,0,0.0,0,0
39.796,30.9,30.0,-63.14,0.35,1,0,0,0.0,0,0
39.894,31.2,30.0,-64.53,0.35,1,0,0,0.0,0,0
39.993,31.1,30.0,-65.92,0.36,1,0,0,0.0,0,0
40.097,30.9,30.0,-67.3,0.33,1,40,0,0.959,0,0
40.222,31.0,30.0,-68.68,0.3,1,40,0,0.961,0,0
40.357,31.1,30.0,-70.74,0.31,1,40,40,0.95,0,0
40.433,31.0,30.0,-72.11,0.32,1,40,40,0.681,0,0
40.525,31.0,30.0,-73.47,0.32,1,0,0,0.0,0,0
40.594,31.0,30.0,-73.47,0.32,1,0,0,0.0,0,0
40.694,30.9,30.0,-74.83,0.32,1,40,0,0.964,0,0
40.79,31.0,30.0,-76.17,0.32,1,40,0,0.739,0,0
40.858,31.0,30.0,-78.17,0.32,1,0,0,0.0,0,0
40.921,31.0,30.0,-78.17,0.32,1,0,0,0.0,0,0
40.993,30.9,30.0,-79.48,0.32,1,40,0,0.841,0,0
41.091,30.9,30.0,-80.78,0.32,1,0,0,0.0,0,0
41.155,30.9,30.0,-80.78,0.32,1,0,0,0.0,0,0
41.225,30.9,30.0,-82.05,0.32,1,100,0,0.632,0,0
41.288,30.9,30.0,-82.05,0.32,1,0,0,0.0,0,0
41.357,30.9,30.0,-83.31,0.32,1,0,0,0.0,0,0
41.424,30.9,30.0,-83.31,0.32,1,0,0,0.0,0,0
41.487,30.8,30.0,-85.15,0.32,1,0,0,0.0,0,0
41.553,30.9,30.0,-86.34,0.32,1,0,0,0.0,0,0
41.62,30.9,30.0,-86.34,0.32,1,0,0,0.0,0,0
41.685,30.8,30.0,-87.5,0.32,1,0,0,0.0,0,0
41.755,30.8,30.0,-87.5,0.32,1,0,0,0.0,0,0
41.821,30.9,30.0,-88.64,0.32,1,0,0,0.0,0,0
41.889,30.9,30.0,-88.64,0.32,1,0,0,0.0,0,0
41.954,30.9,30.0,-89.74,0.32,1,0,0,0.0,0,0
42.026,30.8,30.0,-91.33,0.32,1,0,0,0.0,0,0
42.122,30.8,30.0,-91.33,0.32,1,0,0,0.0,0,0
42.188,30.9,30.0,-92.35,0.32,1,0,0,0.0,0,0
42.255,30.9,30.0,-93.32,0.32,1,0,0,0.0,0,0
42.323,30.9,30.0,-93.32,0.32,1,0,0,0.0,0,0
42.389,30.9,30.0,-94.26,0.32,1,40,0,0.949,0,0
42.454,30.9,30.0,-94.26,0.32,1,40,0,0.946,0,0
42.522,30.9,30.0,-95.16,0.32,1,40,40,0.921,0,0
42.586,30.9,30.0,-96.43,0.32,1,0,0,0.0,0,0
42.654,30.9,30.0,-96.43,0.32,1,0,0,0.0,0,0
42.718,30.9,30.0,-97.23,0.32,1,0,0,0.0,0,0
42.787,30.9,30.0,-97.23,0.32,1,0,0,0.0,0,0
42.854,31.0,30.0,-97.98,0.32,1,40,0,0.926,0,0
42.923,31.0,30.0,-97.98,0.32,1,40,0,0.934,0,0
42.987,30.9,30.0,-98.69,0.32,1,40,40,0.946,0,0
43.06,30.9,30.0,-99.36,0.32,1,40,40,0.93,0,0
43.157,30.9,30.0,-99.36,0.32,1,40,40,0.939,0,0
43.225,31.0,30.0,-100.28,0.32,1,40,40,0.962,0,0
43.322,30.9,30.0,-100.84,0.32,1,40,40,0.967,0,0
43.389,30.9,30.0,-100.84,0.32,1,40,40,0.958,0,0
43.455,30.9,30.0,-101.35,0.32,1,40,40,0.95,0,0
43.52,31.0,30.0,-101.82,0.32,1,40,40,0.945,0,0
43.585,31.0,30.0,-101.82,0.32,1,40,40,0.959,0,0
43.655,30.9,30.0,-102.25,0.32,1,40,40,0.957,0,0
43.721,30.9,30.0,-102.25,0.32,1,40,40,0.963,0,0
43.787,30.9,30.0,-102.81,0.32,1,40,40,0.959,0,0
43.852,31.0,30.0,-103.13,0.32,1,40,40,0.956,0,0
43.925,31.0,30.0,-103.13,0.32,1,40,40,0.958,0,0
44.022,30.9,30.0,-103.41,0.32,1,40,40,0.954,0,0
44.09,31.0,30.0,-103.64,0.32,1,40,40,0.941,0,0
44.158,31.0,30.0,-103.64,0.32,1,40,40,0.955,0,0
44.258,31.0,30.0,-103.83,0.32,1,40,40,0.957,0,0
44.353,31.0,30.0,-104.04,0.32,1,40,40,0.947,0,0
44.421,31.0,30.0,-104.04,0.32,1,40,40,0.946,0,0
44.486,31.1,30.0,-104.16,0.32,1,40,40,0.963,0,0
44.553,31.1,30.0,-104.28,0.32,1,40,40,0.961,0,0
44.616,31.1,30.0,-104.28,0.32,1,40,40,0.954,0,0
44.689,31.1,30.0,-104.4,0.32,1,40,40,0.952,0,0
44.755,31.1,30.0,-104.4,0.32,1,40,40,0.948,0,0
44.819,31.1,30.0,-104.51,0.32,1,40,40,0.951,0,0
44.887,31.1,30.0,-104.51,0.32,1,40,40,0.956,0,0
44.954,31.1,30.0,-104.66,0.32,1,40,40,0.955,0,0
45.022,31.1,30.0,-104.74,0.32,1,40,40,0.737,0,0
45.088,31.1,30.0,-104.74,0.32,1,40,40,0.931,0,0
45.155,31.1,30.0,-104.82,0.32,1,40,40,0.969,0,0
45.222,31.1,30.0,-104.82,0.32,1,40,40,0.958,0,0
45.287,31.1,30.0,-104.9,0.32,1,40,40,0.956,0,0
45.356,31.1,30.0,-104.96,0.32,1,40,40,0.966,0,0
45.421,31.1,30.0,-104.96,0.32,1,40,40,0.975,0,0
45.49,31.1,30.0,-105.05,0.32,1,40,40,0.951,0,0
45.556,31.1,30.0,-105.05,0.32,1,40,40,0.927,0,0
45.621,31.1,30.0,-105.09,0.32,1,40,40,0.9,0,0
45.685,31.1,30.0,-105.09,0.32,1,40,40,0.791,0,0
45.754,31.1,30.0,-105.13,0.32,1,0,0,0.0,0,0
45.821,31.1,30.0,-105.16,0.32,1,0,0,0.0,0,0
45.887,31.1,30.0,-105.16,0.32,1,0,0,0.0,0,0
45.956,31.0,30.0,-105.17,0.32,1,40,0,0.887,0,0
46.023,31.0,30.0,-105.17,0.32,1,40,0,0.942,0,0
46.088,31.0,30.0,-105.14,0.32,1,40,40,0.961,0,0
46.154,31.0,30.0,-105.14,0.32,1,40,40,0.951,0,0
46.219,31.0,30.0,-105.08,0.32,1,40,40,0.963,0,0
46.287,30.9,30.0,-104.96,0.32,1,40,40,0.951,0,0
46.353,30.9,30.0,-104.96,0.32,1,40,40,0.962,0,0
46.422,30.9,30.0,-104.79,0.32,1,40,40,0.946,0,0
46.487,30.9,30.0,-104.79,0.32,1,40,40,0.963,0,0
46.555,31.3,30.0,-104.57,0.31,1,40,40,0.936,0,0
46.62,31.3,30.0,-104.57,0.31,1,40,40,0.922,0,0
46.685,30.9,30.0,-104.26,0.32,1,40,40,0.952,0,0
46.752,30.9,30.0,-104.11,0.32,1,40,40,0.943,0,0
46.818,30.9,30.0,-104.11,0.32,1,40,40,0.939,0,0
46.887,31.0,30.0,-104.0,0.32,1,40,40,0.944,0,0
46.954,31.0,30.0,-104.0,0.32,1,40,40,0.942,0,0
47.021,31.0,30.0,-103.92,0.32,1,40,40,0.915,0,0
47.086,31.0,30.0,-103.92,0.32,1,40,40,0.944,0,0
47.155,31.0,30.0,-103.88,0.32,1,40,40,0.95,0,0
47.22,31.0,30.0,-103.87,0.32,1,40,40,0.948,0,0
47.288,31.0,30.0,-103.87,0.32,1,40,40,0.911,0,0
47.353,31.0,30.0,-103.89,0.32,1,40,40,0.938,0,0
47.417,31.0,30.0,-103.89,0.32,1,40,40,0.762,0,0
47.487,31.0,30.0,-103.94,0.32,1,0,0,0.0,0,0
47.552,31.0,30.0,-104.01,0.32,1,40,0,0.915,0,0
47.619,31.0,30.0,-104.01,0.32,1,40,0,0.945,0,0
47.684,31.0,30.0,-104.12,0.32,1,40,40,0.947,0,0
47.751,31.0,30.0,-104.12,0.32,1,40,40,0.958,0,0
47.819,30.9,30.0,-104.36,0.32,1,40,40,0.949,0,0
47.887,30.9,30.0,-104.36,0.32,1,40,40,0.933,0,0
47.953,30.9,30.0,-104.58,0.32,1,40,40,0.927,0,0
48.017,31.1,30.0,-104.86,0.32,1,40,40,0.928,0,0
48.087,31.1,30.0,-104.86,0.32,1,40,40,0.949,0,0
48.152,31.2,30.0,-105.16,0.32,1,40,40,0.951,0,0
48.218,31.2,30.0,-105.16,0.32,1,40,40,0.95,0,0
48.285,30.9,30.0,-105.43,0.32,1,40,40,0.954,0,0
48.352,30.9,30.0,-105.43,0.32,1,40,40,0.958,0,0
48.421,30.8,30.0,-105.74,0.32,1,40,40,0.957,0,0
48.484,30.9,30.0,-105.88,0.32,1,40,40,0.957,0,0
48.552,30.9,30.0,-105.88,0.32,1,40,40,0.936,0,0
48.619,30.8,30.0,-105.96,0.32,1,40,40,0.948,0,0
48.687,30.8,30.0,-105.96,0.32,1,0,0,0.0,0,0
48.752,30.7,30.0,-105.98,0.32,1,0,0,0.0,0,0
48.819,30.7,30.0,-105.98,0.32,1,0,0,0.0,0,0
48.971,31.0,30.0,-105.92,0.32,1,0,0,0.0,0,0
49.056,31.1,30.0,-105.74,0.32,1,0,0,0.0,0,0
49.125,31.1,30.0,-105.62,0.32,1,0,0,0.0,0,0
49.218,31.1,30.0,-105.51,0.32,1,0,0,0.0,0,0
49.284,31.1,30.0,-105.51,0.32,1,0,0,0.0,0,0
49.353,31.1,30.0,-105.41,0.32,1,0,0,0.0,0,0
49.419,31.1,30.0,-105.31,0.32,1,0,0,0.0,0,0
49.485,31.1,30.0,-105.31,0.32,1,0,0,0.0,0,0
49.55,31.1,30.0,-105.18,0.32,1,0,0,0.0,0,0
49.617,31.1,30.0,-105.18,0.32,1,0,0,0.0,0,0
49.685,31.1,30.0,-105.09,0.32,1,0,0,0.0,0,0
49.752,31.1,30.0,-105.0,0.32,1,0,0,0.0,0,0
49.818,31.1,30.0,-105.0,0.32,1,0,0,0.0,0,0
49.883,31.1,30.0,-104.91,0.32,1,0,0,0.0,0,0
49.949,31.1,30.0,-104.91,0.32,1,0,0,0.0,0,0
50.018,31.1,30.0,-104.81,0.32,1,0,0,0.0,0,0
50.087,31.1,30.0,-104.81,0.32,1,0,0,0.0,0,0
50.151,31.1,30.0,-104.63,0.32,1,0,0,0.0,0,0
50.219,31.0,30.0,-104.49,0.32,1,0,0,0.0,0,0
50.286,31.0,30.0,-104.49,0.32,1,0,0,0.0,0,0
50.348,31.0,30.0,-104.33,0.32,1,0,0,0.0,0,0
50.418,31.0,30.0,-104.33,0.32,1,0,0,0.0,0,0
50.482,31.0,30.0,-104.14,0.32,1,0,0,0.0,0,0
50.552,31.0,30.0,-104.14,0.32,1,0,0,0.0,0,0
50.618,31.0,30.0,-103.92,0.32,1,0,0,0.0,0,0
50.683,30.9,30.0,-103.53,0.32,1,0,0,0.0,0,0
50.751,30.9,30.0,-103.53,0.32,1,0,0,0.0,0,0
50.822,31.0,30.0,-103.23,0.32,1,0,0,0.0,0,0
50.921,30.9,30.0,-102.88,0.32,1,0,0,0.0,0,0
50.984,30.9,30.0,-102.88,0.32,1,0,0,0.0,0,0
51.05,31.0,30.0,-102.49,0.32,1,0,0,0.0,0,0
51.12,31.0,30.0,-102.49,0.32,1,0,0,0.0,0,0
51.185,30.9,30.0,-102.06,0.32,1,0,0,0.0,0,0
51.251,30.9,30.0,-101.32,0.32,1,0,0,0.0,0,0
51.316,30.9,30.0,-101.32,0.32,1,0,0,0.0,0,0
51.382,30.9,30.0,-100.76,0.32,1,0,0,0.0,0,0
51.452,30.9,30.0,-100.76,0.32,1,0,0,0.0,0,0
51.518,30.9,30.0,-100.16,0.32,1,0,0,0.0,0,0
51.583,30.9,30.0,-100.16,0.32,1,0,0,0.0,0,0
51.65,30.8,30.0,-99.51,0.32,1,0,0,0.0,0,0
51.715,30.9,30.0,-98.82,0.32,1,0,0,0.0,0,0
51.783,30.9,30.0,-98.82,0.32,1,0,0,0.0,0,0
51.852,30.9,30.0,-97.68,0.32,1,0,0,0.0,0,0
51.916,30.9,30.0,-97.68,0.32,1,0,0,0.0,0,0
51.981,30.8,30.0,-96.86,0.32,1,0,0,0.0,0,0
52.047,30.8,30.0,-96.86,0.32,1,0,0,0.0,0,0
52.118,30.9,30.0,-96.0,0.32,1,0,0,0.0,0,0
52.184,30.8,30.0,-95.1,0.32,1,0,0,0.0,0,0
52.248,30.8,30.0,-95.1,0.32,1,0,0,0.0,0,0
52.316,30.9,30.0,-94.15,0.32,1,0,0,0.0,0,0
52.387,30.9,30.0,-94.15,0.32,1,0,0,0.0,0,0
52.451,30.9,30.0,-92.65,0.32,1,0,0,0.0,0,0
52.515,30.9,30.0,-92.65,0.32,1,0,0,0.0,0,0
52.584,30.9,30.0,-91.61,0.32,1,0,0,0.0,0,0
52.65,30.9,30.0,-90.53,0.32,1,0,0,0.0,0,0
52.714,30.9,30.0,-90.53,0.32,1,0,0,0.0,0,0
52.783,30.9,30.0,-89.42,0.32,1,0,0,0.0,0,0
52.851,30.9,30.0,-89.42,0.32,1,0,0,0.0,0,0
52.917,30.9,30.0,-88.27,0.32,1,0,0,0.0,0,0
52.986,30.9,30.0,-86.5,0.32,1,0,0,0.0,0,0
53.051,30.9,30.0,-86.5,0.32,1,0,0,0.0,0,0
53.116,30.9,30.0,-85.29,0.32,1,0,0,0.0,0,0
53.185,30.9,30.0,-85.29,0.32,1,0,0,0.0,0,0
53.25,30.9,30.0,-84.06,0.32,1,0,0,0.0,0,0
53.315,30.9,30.0,-84.06,0.32,1,0,0,0.0,0,0
53.384,30.9,30.0,-82.8,0.32,1,0,0,0.0,0,0
53.449,30.9,30.0,-81.53,0.32,1,0,0,0.0,0,0
53.514,30.9,30.0,-81.53,0.32,1,0,0,0.0,0,0
53.581,30.9,30.0,-79.58,0.32,1,0,0,0.0,0,0
53.651,30.9,30.0,-79.58,0.32,1,0,0,0.0,0,0
53.717,30.9,30.0,-78.26,0.32,1,0,0,0.0,0,0
53.784,30.9,30.0,-78.26,0.32,1,0,0,0.0,0,0
53.848,31.0,30.0,-76.93,0.32,1,0,0,0.0,0,0
53.917,30.9,30.0,-75.59,0.32,1,0,0,0.0,0,0
53.982,30.9,30.0,-75.59,0.32,1,0,0,0.0,0,0
54.051,31.0,30.0,-74.24,0.32,1,0,0,0.0,0,0
54.126,31.0,30.0,-74.24,0.32,1,0,0,0.0,0,0
54.218,31.0,30.0,-72.19,0.32,1,0,0,0.0,0,0
54.283,31.0,30.0,-70.82,0.32,1,0,0,0.0,0,0
54.35,31.0,30.0,-70.82,0.32,1,0,0,0.0,0,0
54.417,31.1,30.0,-69.44,0.32,1,0,0,0.0,0,0
54.482,31.1,30.0,-68.05,0.32,1,0,0,0.0,0,0
54.549,31.1,30.0,-68.05,0.32,1,0,0,0.0,0,0
54.616,31.1,30.0,-66.67,0.32,1,0,0,0.0,0,0
54.683,31.1,30.0,-66.67,0.32,1,0,0,0.0,0,0
54.748,31.0,30.0,-64.6,0.32,1,0,0,0.0,0,0
54.814,31.0,30.0,-64.6,0.32,1,0,0,0.0,0,0
54.884,30.9,30.0,-63.23,0.32,1,0,0,0.0,0,0
54.95,30.8,30.0,-61.87,0.32,1,0,0,0.0,0,0
55.016,30.8,30.0,-61.87,0.32,1,0,0,0.0,0,0
55.086,30.8,30.0,-60.52,0.32,1,0,0,0.0,0,0
55.151,30.8,30.0,-60.52,0.32,1,0,0,0.0,0,0
55.217,30.8,30.0,-59.18,0.32,1,0,0,0.0,0,0
55.283,30.8,30.0,-59.18,0.32,1,0,0,0.0,0,0
55.348,31.1,30.0,-57.18,0.31,1,0,0,0.0,0,0
55.42,31.1,30.0,-57.18,0.31,1,0,0,0.0,0,0
55.52,30.5,30.0,-55.87,0.32,1,0,0,0.0,0,0
55.589,30.5,30.0,-54.53,0.32,1,0,0,0.0,0,0
55.696,30.7,30.0,-53.18,0.32,1,0,0,0.0,0,0
55.783,31.0,30.0,-51.8,0.32,1,30,0,0.958,0,0
55.848,31.0,30.0,-51.8,0.32,1,30,0,0.955,0,0
55.916,31.0,30.0,-49.72,0.32,1,0,0,0.0,0,0
55.983,30.9,30.0,-48.34,0.32,1,30,0,0.902,0,0
56.055,30.9,30.0,-48.34,0.32,1,30,0,0.866,0,0
56.151,31.0,30.0,-46.96,0.32,1,30,30,0.822,0,0
56.217,31.0,30.0,-45.58,0.32,1,0,0,0.0,0,0
56.285,31.0,30.0,-45.58,0.32,1,30,0,0.643,0,0
56.356,31.0,30.0,-44.2,0.32,1,0,0,0.0,0,0
56.458,31.0,30.0,-44.2,0.32,1,30,0,0.61,0,0
56.57,31.1,30.0,-42.14,0.32,1,30,0,0.882,0,0
56.65,31.1,30.0,-40.76,0.32,1,30,30,0.942,0,0
56.723,31.1,30.0,-39.39,0.32,1,30,30,0.943,0,1
56.833,31.1,50.0,-38.02,0.32,1,30,30,0.944,0,1
56.918,31.1,50.0,-36.65,0.32,1,30,30,0.951,0,1
56.984,31.1,50.0,-36.65,0.32,1,30,30,0.946,0,1
57.049,31.1,50.0,-34.58,0.32,1,30,30,0.944,0,1
57.118,31.1,50.0,-34.58,0.32,1,30,30,0.931,0,1
57.183,31.1,50.0,-33.2,0.32,1,30,30,0.929,0,1
57.252,31.1,50.0,-33.2,0.32,1,30,30,0.937,0,1
57.316,31.1,50.0,-31.82,0.32,1,30,30,0.929,0,1
57.382,31.1,50.0,-30.43,0.32,1,30,30,0.912,0,1
57.448,31.1,50.0,-30.43,0.32,1,30,30,0.915,0,1
57.514,31.1,50.0,-29.05,0.32,1,30,30,0.921,0,1
57.581,31.1,50.0,-29.05,0.32,1,30,30,0.927,0,1
57.65,31.1,50.0,-26.97,0.32,1,30,30,0.933,0,1
57.715,31.1,50.0,-25.58,0.32,1,30,30,0.931,0,1
57.781,31.1,50.0,-25.58,0.32,1,30,30,0.928,0,1
57.852,31.1,50.0,-24.19,0.32,1,30,30,0.925,0,1
57.919,31.1,50.0,-24.19,0.32,1,30,30,0.928,0,1
58.02,31.1,50.0,-22.8,0.32,1,30,30,0.933,0,1
58.119,31.1,50.0,-21.42,0.32,1,30,30,0.947,0,1
58.216,31.1,50.0,-19.33,0.32,1,30,30,0.944,0,1
58.281,31.1,50.0,-19.33,0.32,1,30,30,0.941,0,1
58.35,31.1,50.0,-17.94,0.32,1,30,30,0.945,0,1
58.416,31.1,50.0,-17.94,0.32,1,30,30,0.945,0,1
58.483,31.1,50.0,-16.56,0.32,1,30,30,0.955,0,1
58.547,31.1,50.0,-15.17,0.32,1,30,30,0.954,0,1
58.613,31.1,50.0,-15.17,0.32,1,30,30,0.957,0,1
58.682,31.1,50.0,-13.78,0.32,1,30,30,0.96,0,1
58.747,31.1,50.0,-13.78,0.32,1,30,30,0.955,0,1
58.816,31.1,50.0,-11.7,0.32,1,30,30,0.961,0,1
58.884,31.1,50.0,-10.31,0.32,1,30,30,0.958,0,1
58.95,31.1,50.0,-10.31,0.32,1,30,30,0.955,0,1
59.017,31.1,50.0,-8.92,0.32,1,30,30,0.95,0,1
59.086,31.1,50.0,-8.92,0.32,1,30,30,0.948,0,1
59.188,31.1,50.0,-7.53,0.32,1,30,30,0.947,0,1
59.279,31.1,50.0,-6.14,0.32,1,30,30,0.946,0,1
59.347,31.1,50.0,-4.06,0.32,1,30,30,0.949,0,1
59.417,31.1,50.0,-4.06,0.32,1,30,30,0.946,0,1
59.481,31.1,50.0,-2.67,0.32,1,30,30,0.935,0,1
59.547,31.1,50.0,-2.67,0.32,1,30,30,0.939,0,1
59.611,31.1,50.0,-1.28,0.32,1,30,30,0.941,0,1
59.686,31.1,50.0,-1.28,0.32,1,30,30,0.944,0,1
59.782,31.1,50.0,0.1,0.32,1,30,30,0.947,0,1
59.847,31.1,60.0,1.49,0.32,1,30,30,0.937,0,1
59.917,31.1,60.0,1.49,0.32,1,30,30,0.939,0,1
59.982,31.1,60.0,3.57,0.32,1,30,30,0.945,0,1
60.048,31.0,60.0,4.96,0.32,1,30,30,0.948,0,1
60.118,31.0,60.0,4.96,0.32,1,30,30,0.946,0,1
60.182,31.0,60.0,6.35,0.32,1,30,30,0.944,0,1
60.247,31.0,60.0,6.35,0.32,1,30,30,0.94,0,1
60.315,31.0,60.0,7.73,0.32,1,30,30,0.935,0,1
60.382,31.0,60.0,7.73,0.32,1,30,30,0.937,0,1
60.447,31.0,60.0,9.11,0.32,1,30,30,0.939,0,1
60.515,31.0,60.0,11.18,0.32,1,30,30,0.943,0,1
60.581,31.0,60.0,11.18,0.32,1,30,30,0.944,0,1
60.644,31.0,60.0,12.55,0.32,1,30,30,0.944,0,1
60.711,31.0,60.0,12.55,0.32,1,30,30,0.941,0,1
60.778,30.9,60.0,13.91,0.32,1,30,30,0.943,0,1
60.849,30.9,60.0,13.91,0.32,1,30,30,0.942,0,1
60.918,31.0,60.0,15.27,0.32,1,30,30,0.945,0,1
60.982,30.9,60.0,16.61,0.32,1,30,30,0.943,0,1
61.05,30.9,60.0,16.61,0.32,1,30,30,0.941,0,1
61.114,30.9,60.0,18.6,0.32,1,30,30,0.941,0,1
61.182,30.9,60.0,18.6,0.32,1,30,30,0.945,0,1
61.247,30.9,60.0,19.91,0.32,1,30,30,0.947,0,1
61.314,30.9,60.0,19.91,0.32,1,30,30,0.945,0,1
61.381,30.9,60.0,21.19,0.32,1,30,30,0.938,0,1
61.449,30.8,60.0,22.46,0.32,1,30,30,0.929,0,1
61.515,30.8,60.0,22.46,0.32,1,30,30,0.932,0,1
61.579,30.9,60.0,23.71,0.32,1,30,30,0.929,0,1
61.646,30.9,60.0,23.71,0.32,1,30,30,0.928,0,1
61.713,30.9,60.0,25.53,0.32,1,30,30,0.943,0,1
61.784,30.8,60.0,26.71,0.32,1,30,30,0.941,0,1
61.898,30.8,60.0,26.71,0.32,1,30,30,0.948,0,1
61.981,30.9,60.0,27.86,0.32,1,30,30,0.945,0,1
62.049,30.8,60.0,28.98,0.32,1,30,30,0.943,0,1
62.114,30.8,60.0,28.98,0.32,1,30,30,0.935,0,1
62.181,30.9,60.0,30.07,0.32,1,30,30,0.937,0,1
62.248,30.9,60.0,31.63,0.32,1,30,30,0.945,0,1
62.315,30.9,60.0,31.63,0.32,1,30,30,0.944,0,1
62.381,30.9,60.0,32.63,0.32,1,30,30,0.943,0,1
62.447,30.9,60.0,32.63,0.32,1,30,30,0.95,0,1
62.513,30.9,60.0,33.59,0.32,1,30,30,0.943,0,1
62.58,30.9,60.0,33.59,0.32,1,30,30,0.945,0,1
62.647,30.9,60.0,34.51,0.32,1,30,30,0.937,0,1
62.715,30.9,60.0,35.39,0.32,1,30,30,0.935,0,1
62.781,30.9,60.0,35.39,0.32,1,30,30,0.939,0,1
62.848,30.9,60.0,36.64,0.32,1,30,30,0.935,0,1
62.912,30.9,60.0,36.64,0.32,1,30,30,0.941,0,1
62.983,30.9,60.0,37.41,0.32,1,30,30,0.94,0,1
63.048,30.9,60.0,38.15,0.32,1,30,30,0.946,0,1
63.115,30.9,60.0,38.15,0.32,1,30,30,0.945,0,1
63.18,30.9,60.0,38.84,0.32,1,30,30,0.947,0,1
63.249,30.9,60.0,38.84,0.32,1,30,30,0.945,0,1
63.315,30.9,60.0,39.49,0.32,1,30,30,0.945,0,1
63.38,30.9,60.0,39.49,0.32,1,30,30,0.944,0,1
63.449,30.9,60.0,40.39,0.32,1,30,30,0.943,0,1
63.517,30.9,70.0,40.39,0.32,1,30,30,0.949,0,1
63.579,30.9,70.0,40.94,0.32,1,30,30,0.954,0,1
63.647,31.0,70.0,41.44,0.32,1,30,30,0.954,0,1
63.714,31.0,70.0,41.44,0.32,1,30,30,0.954,0,1
63.786,30.9,70.0,41.9,0.32,1,30,30,0.954,0,1
63.883,31.0,70.0,42.31,0.32,1,30,30,0.956,0,1
63.949,31.0,70.0,42.31,0.32,1,30,30,0.954,0,1
64.012,31.0,70.0,42.85,0.32,1,30,30,0.955,0,1
64.081,31.0,70.0,42.85,0.32,1,30,30,0.951,0,1
64.148,30.9,70.0,43.16,0.32,1,30,30,0.948,0,1
64.214,30.9,70.0,43.16,0.32,1,30,30,0.945,0,1
64.283,31.0,70.0,43.42,0.32,1,30,30,0.948,0,1
64.346,31.0,70.0,43.64,0.32,1,30,30,0.947,0,1
64.416,31.0,70.0,43.64,0.32,1,30,30,0.948,0,1
64.479,31.0,70.0,43.82,0.32,1,30,30,0.943,0,1
64.546,31.0,70.0,43.82,0.32,1,30,30,0.945,0,1
64.611,31.1,70.0,44.02,0.32,1,30,30,0.949,0,1
64.681,31.1,70.0,44.15,0.32,1,30,30,0.949,0,1
64.753,31.1,70.0,44.15,0.32,1,30,30,0.943,0,1
64.847,31.1,70.0,44.28,0.32,1,30,30,0.942,0,1
64.915,31.1,70.0,44.4,0.32,1,30,30,0.948,0,1
64.98,31.1,70.0,44.4,0.32,1,30,30,0.946,0,1
65.048,31.0,70.0,44.52,0.32,1,30,30,0.948,0,1
65.114,31.0,70.0,44.52,0.32,1,30,30,0.949,0,1
65.183,31.0,70.0,44.68,0.32,1,30,30,0.95,0,1
65.278,31.1,70.0,44.78,0.32,1,30,30,0.949,0,1
65.345,31.1,70.0,44.78,0.32,1,30,30,0.95,0,1
65.414,31.0,70.0,44.87,0.32,1,30,30,0.949,0,1
65.479,31.0,70.0,44.87,0.32,1,30,30,0.952,0,1
65.545,31.0,70.0,44.96,0.32,1,30,30,0.951,0,1
65.613,31.0,70.0,45.05,0.32,1,30,30,0.94,0,1
65.679,31.0,70.0,45.05,0.32,1,30,30,0.932,0,1
65.744,31.1,70.0,45.17,0.32,1,30,30,0.941,0,1
65.82,31.1,70.0,45.17,0.32,1,30,30,0.935,0,1
65.915,30.9,70.0,45.24,0.32,1,30,30,0.941,0,1
65.98,31.0,70.0,45.28,0.32,1,30,30,0.939,0,1
66.044,31.0,70.0,45.28,0.32,1,30,30,0.936,0,1
66.113,30.7,70.0,45.27,0.32,1,30,30,0.931,0,1
66.179,30.7,70.0,45.27,0.32,1,30,30,0.923,0,1
66.244,31.0,70.0,45.2,0.32,1,30,30,0.918,0,1
66.313,31.0,70.0,45.01,0.32,1,30,30,0.93,0,1
66.379,31.0,70.0,45.01,0.32,1,30,30,0.929,0,1
66.445,31.1,70.0,44.86,0.32,1,30,30,0.923,0,1
66.511,31.1,70.0,44.86,0.32,1,30,30,0.922,0,1
66.576,31.1,70.0,44.75,0.32,1,30,30,0.919,0,1
66.644,31.1,70.0,44.75,0.32,1,30,30,0.936,0,1
66.712,31.0,70.0,44.68,0.32,1,30,30,0.91,0,1
66.779,31.1,70.0,44.62,0.32,1,30,30,0.942,0,1
66.852,31.1,70.0,44.62,0.32,1,30,30,0.933,0,1
66.959,31.1,70.0,44.55,0.32,1,30,30,0.937,0,1
67.045,31.0,70.0,44.52,0.32,1,30,30,0.94,0,1
67.113,31.0,70.0,44.52,0.32,1,30,30,0.94,0,1
67.181,31.0,70.0,44.5,0.32,1,30,30,0.94,0,1
67.28,31.1,70.0,44.48,0.32,1,30,30,0.941,0,1
67.344,30.1,70.0,44.44,0.32,1,30,30,0.943,0,1
67.412,30.1,70.0,44.44,0.32,1,30,30,0.947,0,1
67.479,31.4,70.0,44.4,0.31,1,30,30,0.943,0,1
67.542,31.4,70.0,44.4,0.31,1,30,30,0.944,0,1
67.611,31.3,70.0,44.39,0.36,1,30,30,0.939,0,1
67.676,31.3,70.0,44.39,0.36,1,30,30,0.948,0,1
67.744,31.1,70.0,44.41,0.38,1,30,30,0.947,0,1
67.813,31.1,70.0,44.41,0.38,1,30,30,0.951,0,1
67.879,31.0,70.0,44.45,0.37,1,30,30,0.954,0,1
67.945,31.0,70.0,44.48,0.35,1,30,30,0.95,0,1
68.01,31.0,70.0,44.48,0.35,1,30,30,0.953,0,1
68.079,31.1,70.0,44.54,0.35,1,30,30,0.948,0,1
68.146,31.1,70.0,44.54,0.35,1,30,30,0.94,0,1
68.213,31.0,70.0,44.58,0.34,1,30,30,0.94,0,1
68.278,31.0,70.0,44.62,0.31,1,30,30,0.928,0,1
68.345,31.0,70.0,44.62,0.31,1,30,30,0.93,0,1
68.408,31.1,70.0,44.67,0.3,1,30,30,0.927,0,1
68.477,31.1,70.0,44.67,0.3,1,30,30,0.925,0,1
68.544,31.2,70.0,44.71,0.31,1,30,30,0.902,0,1
68.609,31.2,70.0,44.71,0.31,1,30,30,0.921,0,1
68.678,31.1,70.0,44.78,0.32,1,30,30,0.943,0,1
68.744,31.1,70.0,44.82,0.32,1,30,30,0.955,0,1
68.816,31.1,70.0,44.82,0.32,1,30,30,0.959,0,1
68.913,31.1,70.0,44.85,0.32,1,30,30,0.959,0,1
68.979,31.1,70.0,44.88,0.32,1,30,30,0.96,0,1
69.047,31.1,70.0,44.88,0.32,1,30,30,0.958,0,1
69.111,31.1,70.0,44.91,0.32,1,30,30,0.96,0,1
69.176,31.1,70.0,44.91,0.32,1,30,30,0.957,0,1
69.246,31.1,70.0,44.95,0.32,1,30,30,0.959,0,1
69.31,31.1,70.0,44.97,0.32,1,30,30,0.961,0,1
69.376,31.1,70.0,44.97,0.32,1,30,30,0.958,0,1
69.444,31.1,70.0,44.99,0.32,1,30,30,0.943,0,1
69.512,31.1,70.0,44.99,0.32,1,30,30,0.955,0,1
69.577,31.1,70.0,45.0,0.32,1,30,30,0.96,0,1
69.643,31.1,70.0,45.01,0.32,1,30,30,0.954,0,1
69.711,31.1,70.0,45.01,0.32,1,30,30,0.95,0,1
69.783,31.0,70.0,45.01,0.32,1,30,30,0.945,0,1
69.877,31.1,70.0,45.0,0.32,1,30,30,0.949,0,1
69.944,31.1,70.0,45.0,0.32,1,30,30,0.955,0,1
70.012,31.0,70.0,44.98,0.32,1,30,30,0.965,0,1
70.08,31.0,70.0,44.98,0.32,1,30,30,0.966,0,1
70.144,31.1,70.0,44.93,0.32,1,30,30,0.96,0,1
70.215,31.1,70.0,44.93,0.32,1,30,30,0.956,0,1
70.311,31.1,70.0,44.87,0.32,1,30,30,0.957,0,1
70.377,31.0,70.0,44.73,0.32,1,30,30,0.962,0,1
70.443,31.1,70.0,44.6,0.32,1,30,30,0.966,0,1
70.51,31.1,70.0,44.6,0.32,1,30,30,0.969,0,1
70.575,31.0,70.0,44.44,0.32,1,30,30,0.97,0,1
70.644,31.0,70.0,44.44,0.32,1,30,30,0.97,0,1
70.708,30.9,70.0,44.24,0.32,1,30,30,0.968,0,1
70.776,30.9,70.0,44.24,0.32,1,30,30,0.969,0,1
70.842,31.0,70.0,44.0,0.32,1,30,30,0.966,0,1
70.911,31.0,70.0,44.0,0.32,1,30,30,0.966,0,1
70.98,31.0,70.0,43.57,0.32,1,30,30,0.957,0,1
71.078,30.9,70.0,43.23,0.32,1,30,30,0.958,0,1
71.144,30.9,70.0,43.23,0.32,1,30,30,0.958,0,1
71.21,31.0,70.0,42.84,0.32,1,30,30,0.961,0,1
71.276,30.9,70.0,42.41,0.32,1,30,30,0.966,0,1
71.343,30.9,70.0,42.41,0.32,1,30,30,0.963,0,1
71.411,31.0,70.0,41.93,0.32,1,30,30,0.967,0,1
71.476,31.0,70.0,41.93,0.32,1,30,30,0.972,0,1
71.542,30.9,70.0,41.12,0.32,1,30,30,0.972,0,1
71.609,30.9,70.0,40.52,0.32,1,30,30,0.969,0,1
71.673,30.9,70.0,40.52,0.32,1,30,30,0.97,0,1
71.741,30.8,70.0,39.87,0.32,1,30,30,0.972,0,1
71.812,30.8,60.0,39.87,0.32,1,30,30,0.969,0,1
71.881,30.9,60.0,39.17,0.32,1,30,30,0.967,0,1
71.988,30.9,60.0,38.42,0.32,1,30,30,0.969,0,1
72.076,30.9,60.0,37.22,0.32,1,30,30,0.962,0,1
72.141,30.9,60.0,37.22,0.32,1,30,30,0.971,0,1
72.212,30.9,60.0,36.36,0.32,1,30,30,0.966,0,1
72.311,30.9,60.0,35.46,0.32,1,30,30,0.964,0,1
72.377,30.9,60.0,35.46,0.32,1,30,30,0.966,0,1
72.442,30.9,60.0,34.52,0.32,1,30,30,0.964,0,1
72.511,30.9,60.0,34.52,0.32,1,30,30,0.967,0,1
72.575,30.9,60.0,33.54,0.32,1,30,30,0.964,0,1
72.642,30.9,60.0,31.99,0.32,1,30,30,0.964,0,1
72.705,30.9,60.0,31.99,0.32,1,30,30,0.964,0,1
72.776,30.9,60.0,30.92,0.32,1,30,30,0.963,0,1
72.843,30.9,60.0,30.92,0.32,1,30,30,0.967,0,1
72.912,30.9,60.0,29.82,0.32,1,30,30,0.971,0,1
72.975,30.9,60.0,29.82,0.32,1,30,30,0.968,0,1
73.043,30.9,60.0,28.68,0.32,1,30,30,0.968,0,1
73.113,30.9,60.0,27.52,0.32,1,30,30,0.967,0,1
73.206,30.9,60.0,27.52,0.32,1,30,30,0.968,0,1
73.276,30.9,60.0,25.72,0.32,1,30,30,0.969,0,1
73.343,30.9,60.0,24.5,0.32,1,30,30,0.967,0,1
73.411,30.9,60.0,24.5,0.32,1,30,30,0.964,0,1
73.475,31.0,60.0,23.25,0.32,1,30,30,0.966,0,1
73.541,31.0,60.0,23.25,0.32,1,30,30,0.963,0,1
73.609,31.0,60.0,21.98,0.32,1,30,30,0.965,0,1
73.675,30.9,60.0,20.7,0.32,1,30,30,0.967,0,1
73.741,30.9,60.0,20.7,0.32,1,30,30,0.967,0,1
73.807,30.9,60.0,18.74,0.32,1,30,30,0.967,0,1
73.876,30.9,60.0,18.74,0.32,1,30,30,0.965,0,1
73.942,31.0,60.0,17.41,0.32,1,30,30,0.966,0,1
74.011,31.0,60.0,17.41,0.32,1,30,30,0.969,0,1
74.075,30.9,60.0,16.08,0.32,1,30,30,0.965,0,1
74.146,31.0,60.0,14.73,0.32,1,30,30,0.967,0,1
74.244,31.0,60.0,14.73,0.32,1,30,30,0.966,0,1
74.31,31.0,60.0,13.37,0.32,1,30,30,0.967,0,1
74.376,31.0,60.0,13.37,0.32,1,30,30,0.967,0,1
74.44,31.0,60.0,11.32,0.32,1,30,30,0.969,0,1
74.504,31.0,60.0,9.95,0.32,1,30,30,0.967,0,1
74.574,31.0,60.0,9.95,0.32,1,30,30,0.966,0,1
74.641,31.1,60.0,8.56,0.32,1,30,30,0.965,0,1
74.708,31.1,60.0,8.56,0.32,1,30,30,0.963,0,1
74.775,31.1,60.0,7.18,0.32,1,30,30,0.96,0,1
74.849,31.1,60.0,5.8,0.32,1,30,30,0.961,0,1
74.944,31.1,60.0,5.8,0.32,1,30,30,0.961,0,1
75.008,31.1,60.0,3.72,0.32,1,30,30,0.961,0,1
75.074,31.0,60.0,2.34,0.32,1,30,30,0.961,0,1
75.141,31.0,60.0,2.34,0.32,1,30,30,0.961,0,1
75.206,31.1,60.0,0.95,0.32,1,30,30,0.962,0,1
75.275,31.1,60.0,0.95,0.32,1,30,30,0.96,0,1
75.342,31.1,60.0,-0.43,0.32,1,30,30,0.96,0,1
75.41,31.1,50.0,-1.82,0.32,1,30,30,0.959,0,1
75.475,31.1,50.0,-1.82,0.32,1,30,30,0.96,0,1
75.542,31.1,50.0,-3.9,0.32,1,30,30,0.959,0,1
75.608,31.1,50.0,-3.9,0.32,1,30,30,0.957,0,1
75.674,31.1,50.0,-5.29,0.32,1,30,30,0.958,0,1
75.742,31.1,50.0,-5.29,0.32,1,30,30,0.958,0,1
75.812,31.1,50.0,-6.67,0.32,1,30,30,0.958,0,1
75.91,31.1,50.0,-8.06,0.32,1,30,30,0.955,0,1
75.973,31.1,50.0,-8.06,0.32,1,30,30,0.957,0,1
76.041,31.1,50.0,-9.45,0.32,1,30,30,0.956,0,1
76.109,31.1,50.0,-11.53,0.32,1,30,30,0.956,0,1
76.177,31.1,50.0,-11.53,0.32,1,30,30,0.956,0,1
76.238,31.1,50.0,-12.92,0.32,1,30,30,0.949,0,1
76.307,31.1,50.0,-12.92,0.32,1,30,30,0.95,0,1
76.374,31.1,50.0,-14.31,0.32,1,30,30,0.946,0,1
76.445,31.1,50.0,-14.31,0.32,1,30,30,0.948,0,1
76.541,31.1,50.0,-15.7,0.32,1,30,30,0.959,0,1
76.605,31.1,50.0,-17.09,0.32,1,30,30,0.945,0,1
76.675,31.1,50.0,-17.09,0.32,1,30,30,0.937,0,1
76.74,31.1,50.0,-19.17,0.32,1,30,30,0.909,0,1
76.807,31.1,50.0,-20.56,0.32,1,30,30,0.923,0,1
76.872,31.1,50.0,-20.56,0.32,1,30,30,0.938,0,1
76.943,31.1,50.0,-21.95,0.32,1,30,30,0.924,0,1
77.054,31.1,50.0,-23.34,0.32,1,30,30,0.928,0,1
77.141,31.1,50.0,-24.73,0.32,1,30,30,0.923,0,1
77.207,31.1,50.0,-24.73,0.32,1,30,30,0.94,0,1
77.275,31.1,50.0,-26.81,0.32,1,30,30,0.84,0,1
77.34,31.1,50.0,-26.81,0.32,1,30,30,0.912,0,1
77.408,31.0,50.0,-28.2,0.32,1,30,30,0.922,0,1
77.474,31.0,50.0,-28.2,0.32,1,30,30,0.942,0,1
77.539,31.0,50.0,-29.58,0.32,1,30,30,0.692,0,1
77.606,31.0,50.0,-30.97,0.32,1,20,0,0.832,0,0
77.672,31.0,50.0,-30.97,0.32,1,0,0,0.0,0,0
77.74,31.0,50.0,-32.36,0.32,1,0,0,0.0,0,0
77.809,31.0,50.0,-32.36,0.32,1,0,0,0.0,0,0
77.873,31.0,50.0,-34.44,0.32,1,0,0,0.0,0,0
77.938,31.2,50.0,-35.83,0.32,1,0,0,0.0,0,0
78.009,31.2,50.0,-35.83,0.32,1,0,0,0.0,0,0
78.075,30.5,50.0,-37.21,0.32,1,0,0,0.0,0,0
78.14,30.5,50.0,-37.21,0.32,1,0,0,0.0,0,0
78.205,30.8,50.0,-38.58,0.32,1,0,0,0.0,0,0
78.273,30.8,50.0,-38.58,0.32,1,0,0,0.0,0,0
78.337,31.3,50.0,-39.96,0.32,1,0,0,0.0,0,0
78.407,31.0,50.0,-42.04,0.32,1,0,0,0.0,0,0
78.474,31.0,30.0,-42.04,0.32,1,0,0,0.0,0,0
78.539,31.1,30.0,-43.41,0.32,1,0,0,0.0,0,0
78.607,31.1,30.0,-43.41,0.32,1,0,0,0.0,0,0
78.672,31.1,30.0,-44.8,0.32,1,0,0,0.0,0,0
78.738,31.1,30.0,-44.8,0.32,1,0,0,0.0,0,0
78.806,31.0,30.0,-46.19,0.32,1,0,0,0.0,0,0
78.877,31.1,30.0,-47.58,0.32,1,0,0,0.0,0,0
78.976,31.1,30.0,-47.58,0.32,1,0,0,0.0,0,0
79.074,30.9,30.0,-49.66,0.32,1,0,0,0.0,0,0
79.147,31.1,30.0,-51.04,0.32,1,0,0,0.0,0,0
79.241,31.1,30.0,-52.43,0.32,1,0,0,0.0,0,0
79.307,31.1,30.0,-52.43,0.32,1,0,0,0.0,0,0
79.376,31.1,30.0,-53.82,0.32,1,0,0,0.0,0,0
79.441,31.1,30.0,-53.82,0.32,1,0,0,0.0,0,0
79.505,30.5,30.0,-55.19,0.32,1,0,0,0.0,0,0
79.571,31.1,30.0,-57.27,0.31,1,0,0,0.0,0,0
79.639,31.1,30.0,-57.27,0.31,1,0,0,0.0,0,0
79.705,31.3,30.0,-58.67,0.36,1,0,0,0.0,0,0
79.77,31.3,30.0,-58.67,0.36,1,0,0,0.0,0,0
79.841,31.1,30.0,-60.06,0.38,1,0,0,0.0,0,0
79.907,31.1,30.0,-60.06,0.38,1,0,0,0.0,0,0
79.974,31.0,30.0,-61.44,0.37,1,0,0,0.0,0,0
80.038,31.0,30.0,-62.83,0.35,1,0,0,0.0,0,0
80.107,31.0,30.0,-62.83,0.35,1,0,0,0.0,0,0
80.172,31.2,30.0,-64.9,0.35,1,0,0,0.0,0,0
80.241,31.2,30.0,-64.9,0.35,1,0,0,0.0,0,0
80.305,30.9,30.0,-66.29,0.35,1,0,0,0.0,0,0
80.378,30.9,30.0,-66.29,0.35,1,0,0,0.0,0,0
80.474,31.0,30.0,-67.66,0.31,1,0,0,0.0,0,0
80.536,31.0,30.0,-69.03,0.3,1,0,0,0.0,0,0
80.604,31.0,30.0,-69.03,0.3,1,0,0,0.0,0,0
80.672,31.1,30.0,-70.4,0.31,1,0,0,0.0,0,0
80.738,31.1,30.0,-72.45,0.32,1,0,0,0.0,0,0
80.812,31.1,30.0,-72.45,0.32,1,0,0,0.0,0,0
80.906,31.0,30.0,-73.8,0.32,1,0,0,0.0,0,0
80.971,31.0,30.0,-75.15,0.32,1,0,0,0.0,0,0
81.037,31.0,30.0,-75.15,0.32,1,0,0,0.0,0,0
81.104,31.0,30.0,-76.48,0.32,1,0,0,0.0,0,0
81.173,31.0,30.0,-76.48,0.32,1,0,0,0.0,0,0
81.239,31.0,30.0,-77.8,0.32,1,0,0,0.0,0,0
81.305,31.0,30.0,-79.76,0.32,1,0,0,0.0,0,0
81.374,31.0,30.0,-79.76,0.32,1,0,0,0.0,0,0
81.439,31.0,30.0,-81.05,0.32,1,0,0,0.0,0,0
81.504,31.0,30.0,-81.05,0.32,1,0,0,0.0,0,0
81.571,31.0,30.0,-82.31,0.32,1,0,0,0.0,0,0
81.634,31.0,30.0,-82.31,0.32,1,0,0,0.0,0,0
81.704,31.0,30.0,-83.56,0.32,1,0,0,0.0,0,0
81.773,30.9,30.0,-84.78,0.32,1,0,0,0.0,0,0
81.84,30.9,30.0,-84.78,0.32,1,0,0,0.0,0,0
81.905,31.0,30.0,-86.57,0.32,1,0,0,0.0,0,0
81.973,31.0,30.0,-86.57,0.32,1,0,0,0.0,0,0
82.038,30.9,30.0,-87.73,0.32,1,0,0,0.0,0,0
82.105,30.9,30.0,-87.73,0.32,1,0,0,0.0,0,0
82.17,30.9,30.0,-88.85,0.32,1,0,0,0.0,0,0
82.239,30.9,30.0,-88.85,0.32,1,0,0,0.0,0,0
82.306,30.9,30.0,-89.95,0.32,1,0,0,0.0,0,0
82.37,31.0,30.0,-91.02,0.32,1,0,0,0.0,0,0
82.437,31.0,30.0,-91.02,0.32,1,0,0,0.0,0,0
82.504,30.9,30.0,-92.55,0.32,1,0,0,0.0,0,0
82.568,30.9,30.0,-92.55,0.32,1,0,0,0.0,0,0
82.637,30.9,30.0,-93.52,0.32,1,0,0,0.0,0,0
82.704,31.0,30.0,-94.46,0.32,1,0,0,0.0,0,0
82.774,31.0,30.0,-94.46,0.32,1,0,0,0.0,0,0
82.838,31.0,30.0,-95.36,0.32,1,0,0,0.0,0,0
82.906,31.0,30.0,-95.36,0.32,1,0,0,0.0,0,0
82.973,30.9,30.0,-96.22,0.32,1,0,0,0.0,0,0
83.036,30.9,30.0,-96.22,0.32,1,0,0,0.0,0,0
83.105,30.9,30.0,-97.42,0.32,1,0,0,0.0,0,0
83.171,31.0,30.0,-98.18,0.32,1,0,0,0.0,0,0
83.239,31.0,30.0,-98.18,0.32,1,0,0,0.0,0,0
83.304,30.9,30.0,-98.89,0.32,1,0,0,0.0,0,0
83.37,30.9,30.0,-98.89,0.32,1,0,0,0.0,0,0
83.437,31.0,30.0,-99.55,0.32,1,0,0,0.0,0,0
83.503,31.0,30.0,-99.55,0.32,1,0,0,0.0,0,0
83.571,31.0,30.0,-100.17,0.32,1,0,0,0.0,0,0
83.636,30.9,30.0,-101.03,0.32,1,0,0,0.0,0,0
83.701,30.9,30.0,-101.03,0.32,1,0,0,0.0,0,0
83.772,31.0,30.0,-101.54,0.32,1,0,0,0.0,0,0
83.835,31.0,30.0,-101.54,0.32,1,0,0,0.0,0,0
83.906,31.0,30.0,-102.0,0.32,1,0,0,0.0,0,0
83.972,30.9,30.0,-102.42,0.32,1,0,0,0.0,0,0
84.039,30.9,30.0,-102.42,0.32,1,0,0,0.0,0,0
84.105,31.0,30.0,-102.8,0.32,1,0,0,0.0,0,0
84.176,31.0,30.0,-102.8,0.32,1,0,0,0.0,0,0
84.273,31.0,30.0,-103.28,0.32,1,0,0,0.0,0,0
84.337,30.9,30.0,-103.55,0.32,1,0,0,0.0,0,0
84.404,30.9,30.0,-103.55,0.32,1,0,0,0.0,0,0
84.471,31.0,30.0,-103.76,0.32,1,0,0,0.0,0,0
84.536,31.0,30.0,-103.76,0.32,1,0,0,0.0,0,0
84.603,31.0,30.0,-103.94,0.32,1,0,0,0.0,0,0
84.668,31.1,30.0,-104.08,0.32,1,0,0,0.0,0,0
84.736,31.1,30.0,-104.08,0.32,1,0,0,0.0,0,0
84.804,31.1,30.0,-104.22,0.32,1,0,0,0.0,0,0
84.87,31.1,30.0,-104.22,0.32,1,0,0,0.0,0,0
84.937,31.1,30.0,-104.31,0.32,1,0,0,0.0,0,0
85.003,31.1,30.0,-104.4,0.32,1,0,0,0.0,0,0
85.072,31.1,30.0,-104.4,0.32,1,0,0,0.0,0,0
85.137,31.1,30.0,-104.49,0.32,1,0,0,0.0,0,0
85.202,31.1,30.0,-104.49,0.32,1,0,0,0.0,0,0
85.269,31.0,30.0,-104.57,0.32,1,0,0,0.0,0,0
85.337,31.0,30.0,-104.57,0.32,1,0,0,0.0,0,0
85.405,31.1,30.0,-104.69,0.32,1,0,0,0.0,0,0
85.47,31.1,30.0,-104.77,0.32,1,0,0,0.0,0,0
85.534,31.1,30.0,-104.77,0.32,1,0,0,0.0,0,0
85.6,31.1,30.0,-104.87,0.32,1,0,0,0.0,0,0
85.668,31.1,30.0,-104.87,0.32,1,0,0,0.0,0,0
85.734,31.1,30.0,-104.96,0.32,1,0,0,0.0,0,0
85.804,31.1,30.0,-104.96,0.32,1,0,0,0.0,0,0
85.87,31.1,30.0,-105.03,0.32,1,0,0,0.0,0,0
85.932,31.1,30.0,-105.12,0.32,1,0,0,0.0,0,0
86.003,31.1,30.0,-105.12,0.32,1,0,0,0.0,0,0
86.072,31.1,30.0,-105.16,0.32,1,0,0,0.0,0,0
86.136,31.1,30.0,-105.16,0.32,1,0,0,0.0,0,0
86.203,31.0,30.0,-105.19,0.32,1,0,0,0.0,0,0
86.268,31.0,30.0,-105.19,0.32,1,0,0,0.0,0,0
86.337,31.1,30.0,-105.21,0.32,1,0,0,0.0,0,0
86.403,30.9,30.0,-105.19,0.32,1,0,0,0.0,0,0
86.471,30.9,30.0,-105.19,0.32,1,0,0,0.0,0,0
86.534,30.9,30.0,-105.07,0.32,1,0,0,0.0,0,0
86.599,30.9,30.0,-105.07,0.32,1,0,0,0.0,0,0
86.669,30.8,30.0,-104.93,0.32,1,0,0,0.0,0,0
86.736,30.8,30.0,-104.93,0.32,1,0,0,0.0,0,0
86.8,31.1,30.0,-104.72,0.32,1,0,0,0.0,0,0
86.868,31.1,30.0,-104.48,0.32,1,0,0,0.0,0,0
86.935,31.1,30.0,-104.48,0.32,1,0,0,0.0,0,0
87.003,30.9,30.0,-104.26,0.32,1,0,0,0.0,0,0
87.07,30.9,30.0,-104.26,0.32,1,0,0,0.0,0,0
87.136,31.0,30.0,-104.03,0.32,1,0,0,0.0,0,0
87.203,31.1,30.0,-103.93,0.32,1,0,0,0.0,0,0
87.265,31.1,30.0,-103.93,0.32,1,0,0,0.0,0,0
87.335,31.0,30.0,-103.85,0.32,1,0,0,0.0,0,0
87.402,31.0,30.0,-103.85,0.32,1,0,0,0.0,0,0
87.471,31.1,30.0,-103.82,0.32,1,0,0,0.0,0,0
87.535,31.1,30.0,-103.82,0.32,1,0,0,0.0,0,0
87.599,31.0,30.0,-103.81,0.32,1,0,0,0.0,0,0
87.669,31.0,30.0,-103.81,0.32,1,0,0,0.0,0,0
87.733,31.0,30.0,-103.85,0.32,1,0,0,0.0,0,0
87.803,31.1,30.0,-103.91,0.32,1,0,0,0.0,0,0
87.868,31.1,30.0,-103.91,0.32,1,0,0,0.0,0,0
87.937,31.0,30.0,-104.0,0.32,1,0,0,0.0,0,0
88.002,31.0,30.0,-104.0,0.32,1,0,0,0.0,0,0
88.067,30.9,30.0,-104.13,0.32,1,0,0,0.0,0,0
88.137,30.9,30.0,-104.13,0.32,1,0,0,0.0,0,0
88.202,30.9,30.0,-104.31,0.32,1,0,0,0.0,0,0
88.268,30.9,30.0,-104.69,0.32,1,0,0,0.0,0,0
88.334,30.9,30.0,-104.69,0.32,1,0,0,0.0,0,0
88.404,31.3,30.0,-105.0,0.32,1,0,0,0.0,0,0
88.467,31.3,30.0,-105.0,0.32,1,0,0,0.0,0,0
88.535,30.8,30.0,-105.32,0.32,1,0,0,0.0,0,0
88.601,30.9,30.0,-105.58,0.32,1,0,0,0.0,0,0
88.665,30.9,30.0,-105.58,0.32,1,0,0,0.0,0,0
88.734,30.9,30.0,-105.79,0.32,1,0,0,0.0,0,0
88.803,30.9,30.0,-105.79,0.32,1,0,0,0.0,0,0
88.867,30.7,30.0,-106.0,0.32,1,0,0,0.0,0,0
88.933,30.7,30.0,-106.0,0.32,1,0,0,0.0,0,0
89.002,30.8,30.0,-106.06,0.32,1,0,0,0.0,0,0
89.071,30.7,30.0,-106.04,0.32,1,0,0,0.0,0,0
89.135,30.7,30.0,-106.04,0.32,1,0,0,0.0,0,0
89.202,30.9,30.0,-105.94,0.32,1,0,0,0.0,0,0
89.266,30.9,30.0,-105.94,0.32,1,0,0,0.0,0,0
89.337,31.3,30.0,-105.78,0.32,1,0,0,0.0,0,0
89.4,31.3,30.0,-105.78,0.32,1,0,0,0.0,0,0
89.468,31.1,30.0,-105.55,0.32,1,0,0,0.0,0,0
89.533,31.1,30.0,-105.42,0.32,1,0,0,0.0,0,0
89.6,31.1,30.0,-105.42,0.32,1,0,0,0.0,0,0
89.665,31.1,30.0,-105.3,0.32,1,0,0,0.0,0,0
89.734,31.1,30.0,-105.3,0.32,1,0,0,0.0,0,0
89.801,31.1,30.0,-105.19,0.32,1,0,0,0.0,0,0
89.868,31.1,30.0,-105.08,0.32,1,0,0,0.0,0,0
89.934,31.1,30.0,-105.08,0.32,1,0,0,0.0,0,0
90.003,31.1,30.0,-104.93,0.32,1,0,0,0.0,0,0
90.067,31.1,30.0,-104.93,0.32,1,0,0,0.0,0,0
90.134,31.1,30.0,-104.84,0.32,1,0,0,0.0,0,0
90.201,31.1,30.0,-104.84,0.32,1,0,0,0.0,0,0
90.269,31.1,30.0,-104.75,0.32,1,0,0,0.0,0,0
90.335,31.0,30.0,-104.64,0.32,1,0,0,0.0,0,0
90.4,31.0,30.0,-104.64,0.32,1,0,0,0.0,0,0
90.466,31.1,30.0,-104.53,0.32,1,0,0,0.0,0,0
90.533,31.1,30.0,-104.53,0.32,1,0,0,0.0,0,0
90.6,31.1,30.0,-104.32,0.32,1,0,0,0.0,0,0
90.665,31.1,30.0,-104.32,0.32,1,0,0,0.0,0,0
90.731,31.0,30.0,-104.15,0.32,1,0,0,0.0,0,0
90.801,31.1,30.0,-103.96,0.32,1,0,0,0.0,0,0
90.869,31.1,30.0,-103.96,0.32,1,0,0,0.0,0,0
90.932,31.0,30.0,-103.74,0.32,1,0,0,0.0,0,0
91.0,31.0,30.0,-103.74,0.32,1,0,0,0.0,0,0
91.065,31.0,30.0,-103.48,0.32,1,0,0,0.0,0,0
91.132,31.0,30.0,-103.02,0.32,1,0,0,0.0,0,0
91.201,31.0,30.0,-103.02,0.32,1,0,0,0.0,0,0
91.265,31.0,30.0,-102.66,0.32,1,0,0,0.0,0,0
91.333,31.0,30.0,-102.66,0.32,1,0,0,0.0,0,0
91.397,30.9,30.0,-102.26,0.32,1,0,0,0.0,0,0
91.467,30.9,30.0,-102.26,0.32,1,0,0,0.0,0,0
91.532,31.0,30.0,-101.82,0.32,1,0,0,0.0,0,0
91.598,30.9,30.0,-101.32,0.32,1,0,0,0.0,0,0
91.664,30.9,30.0,-101.32,0.32,1,0,0,0.0,0,0
91.73,30.9,30.0,-100.49,0.32,1,0,0,0.0,0,0
91.802,30.9,30.0,-100.49,0.32,1,0,0,0.0,0,0
91.868,30.9,30.0,-99.87,0.32,1,0,0,0.0,0,0
91.934,30.9,30.0,-99.87,0.32,1,0,0,0.0,0,0
91.998,30.8,30.0,-99.21,0.32,1,0,0,0.0,0,0
92.067,30.8,30.0,-99.21,0.32,1,0,0,0.0,0,0
92.132,30.9,30.0,-98.49,0.32,1,0,0,0.0,0,0
92.197,30.9,30.0,-97.73,0.32,1,0,0,0.0,0,0
92.267,30.9,30.0,-97.73,0.32,1,0,0,0.0,0,0
92.331,30.9,30.0,-96.5,0.32,1,0,0,0.0,0,0
92.4,30.9,30.0,-96.5,0.32,1,0,0,0.0,0,0
92.468,30.9,30.0,-95.62,0.32,1,0,0,0.0,0,0
92.533,30.9,30.0,-94.69,0.32,1,0,0,0.0,0,0
92.598,30.9,30.0,-94.69,0.32,1,0,0,0.0,0,0
92.663,30.8,30.0,-93.73,0.32,1,0,0,0.0,0,0
92.731,30.8,30.0,-93.73,0.32,1,0,0,0.0,0,0
92.799,30.9,30.0,-92.73,0.32,1,0,0,0.0,0,0
92.869,30.9,30.0,-92.73,0.32,1,0,0,0.0,0,0
92.935,30.9,30.0,-91.15,0.32,1,0,0,0.0,0,0
93.0,30.9,30.0,-90.06,0.32,1,0,0,0.0,0,0
93.067,30.9,30.0,-90.06,0.32,1,0,0,0.0,0,0
93.133,30.9,30.0,-88.93,0.32,1,0,0,0.0,0,0
93.201,30.9,30.0,-88.93,0.32,1,0,0,0.0,0,0
93.265,30.9,30.0,-87.77,0.32,1,0,0,0.0,0,0
93.335,30.9,30.0,-87.77,0.32,1,0,0,0.0,0,0
93.399,30.9,30.0,-86.59,0.32,1,0,0,0.0,0,0
93.463,30.9,30.0,-84.76,0.32,1,0,0,0.0,0,0
93.532,30.9,30.0,-84.76,0.32,1,0,0,0.0,0,0
93.6,31.0,30.0,-83.51,0.32,1,0,0,0.0,0,0
93.665,31.0,30.0,-83.51,0.32,1,0,0,0.0,0,0
93.732,30.9,30.0,-82.25,0.32,1,0,0,0.0,0,0
93.798,30.9,30.0,-80.96,0.32,1,0,0,0.0,0,0
93.865,30.9,30.0,-80.96,0.32,1,0,0,0.0,0,0
93.933,30.9,30.0,-79.66,0.32,1,0,0,0.0,0,0
93.999,30.9,30.0,-79.66,0.32,1,0,0,0.0,0,0
94.065,30.9,30.0,-77.68,0.32,1,0,0,0.0,0,0
94.132,30.9,30.0,-77.68,0.32,1,0,0,0.0,0,0
94.199,30.9,30.0,-76.34,0.32,1,0,0,0.0,0,0
94.263,31.0,30.0,-74.99,0.32,1,0,0,0.0,0,0
94.332,31.0,30.0,-74.99,0.32,1,0,0,0.0,0,0
94.396,30.9,30.0,-73.64,0.32,1,0,0,0.0,0,0
94.465,30.9,30.0,-73.64,0.32,1,0,0,0.0,0,0
94.532,31.0,30.0,-72.27,0.32,1,0,0,0.0,0,0
94.602,31.0,30.0,-72.27,0.32,1,0,0,0.0,0,0
94.666,31.0,30.0,-70.21,0.32,1,0,0,0.0,0,0
94.731,31.1,30.0,-68.83,0.32,1,0,0,0.0,0,0
94.798,31.1,30.0,-68.83,0.32,1,0,0,0.0,0,0
94.867,31.0,30.0,-67.44,0.32,1,0,0,0.0,0,0
94.933,31.0,30.0,-67.44,0.32,1,0,0,0.0,0,0
94.998,31.1,30.0,-66.06,0.32,1,0,0,0.0,0,0
95.065,31.1,30.0,-66.06,0.32,1,0,0,0.0,0,0
95.131,31.0,30.0,-64.68,0.32,1,0,0,0.0,0,0
95.197,30.9,30.0,-62.63,0.32,1,0,0,0.0,0,0
95.265,30.9,30.0,-62.63,0.32,1,0,0,0.0,0,0
95.332,30.9,30.0,-61.27,0.32,1,0,0,0.0,0,0
95.398,30.9,30.0,-61.27,0.32,1,0,0,0.0,0,0
95.467,30.8,30.0,-59.93,0.32,1,0,0,0.0,0,0
95.532,31.1,30.0,-58.6,0.32,1,0,0,0.0,0,0
95.6,31.1,30.0,-58.6,0.32,1,0,0,0.0,0,0
95.663,30.7,30.0,-57.27,0.32,1,0,0,0.0,0,0
95.729,30.7,30.0,-57.27,0.32,1,0,0,0.0,0,0
95.801,30.5,30.0,-55.29,0.32,1,0,0,0.0,0,0
95.867,30.5,30.0,-55.29,0.32,1,0,0,0.0,0,0
95.933,30.4,30.0,-53.95,0.32,1,0,0,0.0,0,0
95.998,31.0,30.0,-52.58,0.32,1,0,0,0.0,0,0
96.068,31.0,30.0,-52.58,0.32,1,0,0,0.0,0,0
96.135,30.9,30.0,-51.19,0.32,1,0,0,0.0,0,0
96.2,30.9,30.0,-51.19,0.32,1,0,0,0.0,0,0
96.264,31.0,30.0,-49.81,0.32,1,0,0,0.0,0,0
96.331,31.0,30.0,-49.81,0.32,1,0,0,0.0,0,0
96.402,31.0,30.0,-47.73,0.32,1,0,0,0.0,0,0
96.496,31.0,30.0,-46.35,0.32,1,0,0,0.0,0,0
96.561,31.0,30.0,-46.35,0.32,1,0,0,0.0,0,0
96.63,31.0,30.0,-44.97,0.32,1,0,0,0.0,0,0
96.699,31.0,30.0,-43.59,0.32,1,0,0,0.0,0,0
96.763,31.0,30.0,-43.59,0.32,1,0,0,0.0,0,0
96.832,31.0,30.0,-42.22,0.32,1,0,0,0.0,0,0
96.901,31.0,30.0,-42.22,0.32,1,0,0,0.0,0,0
97.0,31.1,30.0,-40.16,0.32,1,0,0,0.0,0,0
97.064,31.1,30.0,-38.79,0.32,1,0,0,0.0,0,0
97.132,31.1,50.0,-38.79,0.32,1,0,0,0.0,0,0
97.196,31.1,50.0,-37.42,0.32,1,0,0,0.0,0,0
97.264,31.1,50.0,-36.04,0.32,1,0,0,0.0,0,0
97.329,31.1,50.0,-36.04,0.32,1,0,0,0.0,0,0
97.4,31.1,50.0,-34.66,0.32,1,0,0,0.0,0,0
97.464,31.1,50.0,-34.66,0.32,1,0,0,0.0,0,0
97.529,31.1,50.0,-32.59,0.32,1,0,0,0.0,0,0
97.598,31.1,50.0,-32.59,0.32,1,0,0,0.0,0,0
97.663,31.1,50.0,-31.21,0.32,1,0,0,0.0,0,0
97.777,31.1,50.0,-29.82,0.32,1,0,0,0.0,0,0
97.887,31.1,50.0,-28.44,0.32,1,0,0,0.0,0,0
98.032,31.1,50.0,-27.05,0.32,1,0,0,0.0,0,0
98.101,31.1,50.0,-24.97,0.32,1,0,0,0.0,0,0
98.166,31.1,50.0,-24.97,0.32,1,0,0,0.0,0,0
98.232,31.1,50.0,-23.58,0.32,1,0,0,0.0,0,0
98.298,31.1,50.0,-23.58,0.32,1,0,0,0.0,0,0
98.364,31.1,50.0,-22.19,0.32,1,0,0,0.0,0,0
98.431,31.1,50.0,-20.8,0.32,1,0,0,0.0,0,0
98.498,31.1,50.0,-20.8,0.32,1,0,0,0.0,0,0
98.562,31.1,50.0,-19.42,0.32,1,0,0,0.0,0,0
98.629,31.1,50.0,-19.42,0.32,1,0,0,0.0,0,0
98.701,31.1,50.0,-17.33,0.32,1,0,0,0.0,0,0
98.799,31.1,50.0,-15.94,0.32,1,0,0,0.0,0,0
98.879,31.1,50.0,-15.94,0.32,1,0,0,0.0,0,0
98.97,31.1,50.0,-14.56,0.32,1,0,0,0.0,0,0
99.063,31.1,50.0,-13.17,0.32,1,0,0,0.0,0,0
99.131,31.1,50.0,-11.78,0.32,1,0,0,0.0,0,0
99.195,31.1,50.0,-11.78,0.32,1,0,0,0.0,0,0
99.264,31.1,50.0,-9.7,0.32,1,0,0,0.0,0,0
99.331,31.1,50.0,-9.7,0.32,1,0,0,0.0,0,0
99.392,31.1,50.0,-8.31,0.32,1,0,0,0.0,0,0
99.467,31.1,50.0,-6.92,0.32,1,0,0,0.0,0,0
99.565,31.1,50.0,-6.92,0.32,1,0,0,0.0,0,0
99.628,31.1,50.0,-5.53,0.32,1,0,0,0.0,0,0
99.695,31.1,50.0,-4.14,0.32,1,0,0,0.0,0,0
99.763,31.1,50.0,-4.14,0.32,1,0,0,0.0,0,0
99.831,31.1,50.0,-2.06,0.32,1,0,0,0.0,0,0
99.895,31.1,50.0,-2.06,0.32,1,0,0,0.0,0,0
99.965,31.1,50.0,-0.67,0.32,1,0,0,0.0,0,0
100.036,31.1,50.0,-0.67,0.32,1,0,0,0.0,0,0
100.129,31.1,50.0,0.72,0.32,1,0,0,0.0,0,0
100.196,31.1,60.0,2.1,0.32,1,0,0,0.0,0,0
100.263,31.1,60.0,2.1,0.32,1,0,0,0.0,0,0
100.331,31.1,60.0,3.49,0.32,1,0,0,0.0,0,0
100.398,31.0,60.0,5.57,0.32,1,0,0,0.0,0,0
100.463,31.0,60.0,5.57,0.32,1,0,0,0.0,0,0
100.529,31.0,60.0,6.96,0.32,1,0,0,0.0,0,0
100.594,31.0,60.0,6.96,0.32,1,0,0,0.0,0,0
100.662,31.0,60.0,8.34,0.32,1,0,0,0.0,0,0
100.738,31.0,60.0,8.34,0.32,1,0,0,0.0,0,0
100.831,31.0,60.0,9.72,0.32,1,0,0,0.0,0,0
100.896,31.0,60.0,11.1,0.32,1,0,0,0.0,0,0
100.969,31.0,60.0,13.15,0.32,1,0,0,0.0,0,0
101.067,31.0,60.0,13.15,0.32,1,0,0,0.0,0,0
101.164,31.0,60.0,14.51,0.32,1,0,0,0.0,0,0
101.229,30.9,60.0,15.86,0.32,1,0,0,0.0,0,0
101.295,30.9,60.0,15.86,0.32,1,0,0,0.0,0,0
101.361,31.0,60.0,17.2,0.32,1,0,0,0.0,0,0
101.426,30.9,60.0,18.52,0.32,1,0,0,0.0,0,0
101.493,30.9,60.0,18.52,0.32,1,0,0,0.0,0,0
101.564,30.9,60.0,20.47,0.32,1,0,0,0.0,0,0
101.628,30.9,60.0,20.47,0.32,1,0,0,0.0,0,0
101.695,30.9,60.0,21.75,0.32,1,0,0,0.0,0,0
101.761,30.9,60.0,21.75,0.32,1,0,0,0.0,0,0
101.83,30.9,60.0,23.01,0.32,1,0,0,0.0,0,0
101.896,30.9,60.0,24.25,0.32,1,0,0,0.0,0,0
101.964,30.9,60.0,24.25,0.32,1,0,0,0.0,0,0
102.028,30.9,60.0,25.46,0.32,1,10,0,0.942,0,0
102.097,30.9,60.0,25.46,0.32,1,40,0,0.707,0,0
102.166,30.9,60.0,27.22,0.32,1,110,0,0.919,0,0
102.229,30.9,60.0,28.36,0.32,1,0,0,0.0,0,0
102.296,30.9,60.0,28.36,0.32,1,10,0,0.898,0,0
102.362,30.9,60.0,29.47,0.32,1,40,0,0.951,0,0
102.428,30.9,60.0,29.47,0.32,1,40,0,0.939,0,0
102.497,30.9,60.0,30.54,0.32,1,40,40,0.943,0,1
102.577,30.9,60.0,30.54,0.32,1,40,40,0.944,0,1
102.661,30.9,60.0,31.57,0.32,1,10,0,0.955,0,0
102.729,30.9,60.0,33.06,0.32,1,10,0,0.957,0,0
102.796,30.9,60.0,33.06,0.32,1,10,10,0.959,0,1
102.864,30.9,60.0,34.0,0.32,1,10,10,0.96,0,1
102.929,30.9,60.0,34.91,0.32,1,10,10,0.956,0,1
102.997,30.9,60.0,34.91,0.32,1,10,10,0.958,0,1
103.098,30.9,60.0,35.77,0.32,1,10,10,0.968,0,1
103.165,30.9,60.0,36.59,0.32,1,10,10,0.959,0,1
103.228,30.9,60.0,36.59,0.32,1,10,10,0.96,0,1
103.294,30.9,60.0,37.75,0.32,1,10,10,0.969,0,1
103.363,30.9,60.0,37.75,0.32,1,10,10,0.971,0,1
103.429,30.9,60.0,38.46,0.32,1,10,10,0.965,0,1
103.495,30.9,60.0,39.14,0.32,1,10,10,0.962,0,1
103.559,30.9,60.0,39.14,0.32,1,40,0,0.965,0,0
103.628,30.9,60.0,39.77,0.32,1,40,0,0.969,0,0
103.696,30.9,60.0,39.77,0.32,1,10,0,0.959,0,0
103.762,31.0,60.0,40.36,0.32,1,10,0,0.956,0,0
103.828,31.0,70.0,40.36,0.32,1,10,10,0.957,1,1
103.899,30.9,70.0,41.16,0.32,1,10,10,0.955,1,1
103.997,30.9,70.0,41.65,0.32,1,10,10,0.961,1,1
104.061,30.9,70.0,41.65,0.32,1,10,10,0.959,1,1
104.13,31.0,70.0,42.08,0.32,1,10,10,0.956,1,1
104.196,30.9,70.0,42.48,0.32,1,10,10,0.953,1,1
104.262,30.9,70.0,42.48,0.32,1,10,10,0.952,1,1
104.328,31.0,70.0,42.83,0.32,1,10,10,0.958,1,1
104.397,31.0,70.0,42.83,0.32,1,10,10,0.96,1,1
104.463,31.0,70.0,43.28,0.32,1,10,10,0.963,1,1
104.525,30.9,70.0,43.52,0.32,1,40,0,0.966,0,0
104.591,30.9,70.0,43.52,0.32,1,10,0,0.966,0,0
104.663,31.0,70.0,43.72,0.32,1,10,0,0.965,0,0
104.729,31.0,70.0,43.72,0.32,1,10,10,0.963,1,1
104.794,31.1,70.0,43.88,0.32,1,10,10,0.964,1,1
104.863,31.1,70.0,43.88,0.32,1,10,10,0.964,1,1
104.932,31.1,70.0,44.01,0.32,1,10,10,0.965,1,1
105.028,31.1,70.0,44.21,0.32,1,10,10,0.963,1,1
105.094,31.1,70.0,44.21,0.32,1,10,10,0.962,1,1
105.162,31.1,70.0,44.34,0.32,1,10,10,0.965,1,1
105.23,31.1,70.0,44.46,0.32,1,10,10,0.966,1,1
105.295,31.1,70.0,44.46,0.32,1,10,10,0.964,1,1
105.423,31.0,70.0,44.57,0.32,1,10,10,0.966,1,1
105.496,31.0,70.0,44.68,0.32,1,10,10,0.965,1,1
105.564,31.0,70.0,44.68,0.32,1,10,10,0.965,1,1
105.628,31.0,70.0,44.82,0.32,1,10,10,0.965,1,1
105.696,31.0,70.0,44.91,0.32,1,10,10,0.963,1,1
105.765,31.0,70.0,44.91,0.32,1,10,10,0.963,1,1
105.862,31.0,70.0,44.98,0.32,1,10,10,0.962,1,1
105.929,31.0,70.0,45.05,0.32,1,10,10,0.961,1,1
105.994,31.0,70.0,45.05,0.32,1,10,10,0.961,1,1
106.063,31.1,70.0,45.11,0.32,1,10,10,0.963,1,1
106.128,31.1,70.0,45.11,0.32,1,10,10,0.963,1,1
106.195,31.0,70.0,45.19,0.32,1,10,10,0.962,1,1
106.261,31.0,70.0,45.19,0.32,1,10,10,0.959,1,1
106.328,31.0,70.0,45.22,0.32,1,10,10,0.962,1,1
106.395,31.1,70.0,45.21,0.32,1,10,10,0.963,1,1
106.462,31.1,70.0,45.21,0.32,1,10,10,0.958,1,1
106.527,31.1,70.0,45.19,0.32,1,10,10,0.957,1,1
106.59,31.1,70.0,45.19,0.32,1,10,10,0.955,1,1
106.658,31.1,70.0,45.17,0.32,1,10,10,0.959,1,1
106.727,31.1,70.0,45.17,0.32,1,10,10,0.96,1,1
106.794,31.0,70.0,45.12,0.32,1,10,10,0.96,1,1
106.861,31.1,70.0,45.1,0.32,1,10,10,0.959,1,1
106.929,31.1,70.0,45.1,0.32,1,10,10,0.96,1,1
106.995,31.1,70.0,45.08,0.32,1,10,10,0.961,1,1
107.059,31.1,70.0,45.08,0.32,1,10,10,0.957,1,1
107.125,31.1,70.0,45.06,0.32,1,10,10,0.957,1,1
107.194,31.1,70.0,45.03,0.32,1,10,10,0.96,1,1
107.262,31.1,70.0,45.03,0.32,1,10,10,0.959,1,1
107.327,31.1,70.0,44.99,0.32,1,10,10,0.958,1,1
107.393,31.1,70.0,44.99,0.32,1,10,10,0.959,1,1
107.459,31.1,70.0,44.95,0.32,1,10,10,0.96,1,1
107.53,31.1,70.0,44.95,0.32,1,10,10,0.959,1,1
107.636,30.5,70.0,44.91,0.32,1,10,10,0.958,1,1
107.724,31.0,70.0,44.84,0.32,1,10,10,0.957,1,1
107.793,31.4,70.0,44.73,0.31,1,10,10,0.958,1,1
107.862,31.4,70.0,44.73,0.31,1,10,10,0.961,1,1
107.926,31.2,70.0,44.61,0.37,1,10,10,0.96,1,1
107.997,31.2,70.0,44.61,0.37,1,10,10,0.961,1,1
108.094,31.1,70.0,44.58,0.38,1,10,10,0.961,1,1
108.162,31.0,70.0,44.57,0.36,1,10,10,0.96,1,1
108.226,31.0,70.0,44.57,0.36,1,10,10,0.961,1,1
108.295,31.0,70.0,44.56,0.35,1,10,10,0.962,1,1
108.359,31.1,70.0,44.56,0.35,1,10,10,0.959,1,1
108.426,31.1,70.0,44.56,0.35,1,10,10,0.959,1,1
108.492,31.0,70.0,44.57,0.32,1,10,10,0.961,1,1
108.559,31.0,70.0,44.57,0.32,1,10,10,0.962,1,1
108.624,31.1,70.0,44.59,0.3,1,10,10,0.963,1,1
108.693,31.1,70.0,44.62,0.31,1,10,10,0.961,1,1
108.761,31.1,70.0,44.62,0.31,1,10,10,0.96,1,1
108.829,31.1,70.0,44.64,0.32,1,10,10,0.96,1,1
108.927,31.1,70.0,44.68,0.32,1,10,10,0.959,1,1
108.991,31.1,70.0,44.68,0.32,1,10,10,0.96,1,1
109.059,31.1,70.0,44.73,0.32,1,10,10,0.961,1,1
109.13,31.1,70.0,44.73,0.32,1,10,10,0.961,1,1
109.229,31.1,70.0,44.77,0.31,1,10,10,0.961,1,1
109.294,31.1,70.0,44.81,0.32,1,10,10,0.961,1,1
109.359,31.1,70.0,44.81,0.32,1,10,10,0.959,1,1
109.425,31.1,70.0,44.84,0.32,1,10,10,0.959,1,1
109.492,31.1,70.0,44.84,0.32,1,10,10,0.959,1,1
109.561,31.1,70.0,44.87,0.32,1,10,10,0.959,1,1
109.624,31.1,70.0,44.91,0.32,1,10,10,0.959,1,1
109.692,31.1,70.0,44.91,0.32,1,10,10,0.961,1,1
109.758,31.1,70.0,44.94,0.32,1,10,10,0.964,1,1
109.825,31.1,70.0,44.94,0.32,1,10,10,0.964,1,1
109.896,31.1,70.0,44.96,0.32,1,10,10,0.961,1,1
109.994,31.1,70.0,44.97,0.32,1,10,10,0.961,1,1
110.062,31.1,70.0,44.97,0.32,1,10,10,0.958,1,1
110.158,31.0,70.0,44.98,0.32,1,10,10,0.959,1,1
110.224,31.1,70.0,44.97,0.32,1,10,10,0.958,1,1
110.293,31.1,70.0,44.97,0.32,1,10,10,0.954,1,1
110.36,31.1,70.0,44.94,0.32,1,10,10,0.955,1,1
110.445,31.0,70.0,44.89,0.32,1,10,10,0.957,1,1
110.526,31.0,70.0,44.89,0.32,1,10,10,0.962,1,1
110.592,31.1,70.0,44.82,0.32,1,10,10,0.962,1,1
110.657,31.0,70.0,44.73,0.32,1,10,10,0.961,1,1
110.725,31.0,70.0,44.73,0.32,1,10,10,0.959,1,1
110.794,31.0,70.0,44.53,0.32,1,10,10,0.959,1,1
110.86,31.0,70.0,44.53,0.32,1,10,10,0.958,1,1
110.924,31.0,70.0,44.35,0.32,1,10,10,0.961,1,1
110.996,30.9,70.0,44.14,0.32,1,10,10,0.963,1,1
111.091,30.9,70.0,44.14,0.32,1,10,10,0.961,1,1
111.161,31.0,70.0,43.88,0.32,1,10,10,0.961,1,1
111.223,30.9,70.0,43.59,0.32,1,10,10,0.957,1,1
111.29,30.9,70.0,43.59,0.32,1,10,10,0.967,1,1
111.359,30.9,70.0,43.06,0.32,1,10,10,0.97,1,1
111.426,30.9,70.0,43.06,0.32,1,10,10,0.97,1,1
111.49,31.0,70.0,42.65,0.32,1,10,10,0.97,1,1
111.556,31.0,70.0,42.65,0.32,1,10,10,0.97,1,1
111.626,30.9,70.0,42.2,0.32,1,10,10,0.971,1,1
111.692,30.9,70.0,41.69,0.32,1,10,10,0.966,1,1
111.757,30.9,70.0,41.69,0.32,1,10,10,0.953,1,1
111.825,30.9,70.0,41.14,0.32,1,10,10,0.795,1,1
111.89,30.9,70.0,41.14,0.32,1,40,0,0.894,0,0
111.959,30.9,70.0,40.21,0.32,1,0,0,0.0,0,0
112.027,30.9,70.0,39.54,0.32,1,0,0,0.0,0,0
112.093,30.9,60.0,39.54,0.32,1,0,0,0.0,0,0
112.157,30.9,60.0,38.81,0.32,1,0,0,0.0,0,0
112.225,30.9,60.0,38.81,0.32,1,0,0,0.0,0,0
112.292,30.9,60.0,38.04,0.32,1,0,0,0.0,0,0
112.359,30.9,60.0,38.04,0.32,1,0,0,0.0,0,0
112.425,30.9,60.0,37.23,0.32,1,0,0,0.0,0,0
112.489,30.9,60.0,35.92,0.32,1,0,0,0.0,0,0
112.558,30.9,60.0,35.92,0.32,1,0,0,0.0,0,0
112.623,30.8,60.0,35.0,0.32,1,0,0,0.0,0,0
112.688,30.8,60.0,35.0,0.32,1,0,0,0.0,0,0
112.754,30.9,60.0,34.03,0.32,1,0,0,0.0,0,0
112.825,30.9,60.0,34.03,0.32,1,0,0,0.0,0,0
112.892,30.9,60.0,33.03,0.32,1,0,0,0.0,0,0
112.959,30.9,60.0,31.99,0.32,1,0,0,0.0,0,0
113.027,30.9,60.0,31.99,0.32,1,0,0,0.0,0,0
113.092,30.9,60.0,30.37,0.32,1,0,0,0.0,0,0
113.158,30.9,60.0,30.37,0.32,1,0,0,0.0,0,0
113.223,30.9,60.0,29.25,0.32,1,0,0,0.0,0,0
113.293,30.9,60.0,29.25,0.32,1,0,0,0.0,0,0
113.379,30.9,60.0,28.1,0.32,1,0,0,0.0,0,0
113.484,30.9,60.0,26.93,0.32,1,0,0,0.0,0,0
113.565,31.0,60.0,25.73,0.32,1,0,0,0.0,0,0
113.664,30.9,60.0,23.88,0.32,1,0,0,0.0,0,0
113.756,30.9,60.0,22.63,0.32,1,0,0,0.0,0,0
113.825,30.9,60.0,22.63,0.32,1,0,0,0.0,0,0
113.89,31.0,60.0,21.35,0.32,1,0,0,0.0,0,0
113.955,31.0,60.0,21.35,0.32,1,0,0,0.0,0,0
114.024,30.9,60.0,20.06,0.32,1,0,0,0.0,0,0
114.093,30.9,60.0,20.06,0.32,1,0,0,0.0,0,0
114.167,30.9,60.0,18.75,0.32,1,0,0,0.0,0,0
114.253,31.0,60.0,16.76,0.32,1,0,0,0.0,0,0
114.324,31.0,60.0,16.76,0.32,1,0,0,0.0,0,0
114.392,30.9,60.0,15.42,0.32,1,0,0,0.0,0,0
114.456,30.9,60.0,14.06,0.32,1,0,0,0.0,0,0
114.522,30.9,60.0,14.06,0.32,1,0,0,0.0,0,0
114.589,31.0,60.0,12.7,0.32,1,0,0,0.0,0,0
114.656,31.0,60.0,12.7,0.32,1,0,0,0.0,0,0
114.721,30.9,60.0,11.34,0.32,1,0,0,0.0,0,0
114.79,30.9,60.0,11.34,0.32,1,0,0,0.0,0,0
114.859,31.1,60.0,9.27,0.32,1,0,0,0.0,0,0
114.923,31.0,60.0,7.89,0.32,1,0,0,0.0,0,0
114.99,31.0,60.0,7.89,0.32,1,0,0,0.0,0,0
115.058,31.1,60.0,6.5,0.32,1,0,0,0.0,0,0
115.123,31.1,60.0,6.5,0.32,1,0,0,0.0,0,0
115.191,31.1,60.0,5.12,0.32,1,0,0,0.0,0,0
115.255,31.1,60.0,3.74,0.32,1,0,0,0.0,0,0
115.325,31.1,60.0,3.74,0.32,1,0,0,0.0,0,0
115.391,31.1,60.0,1.66,0.32,1,0,0,0.0,0,0
115.455,31.1,60.0,1.66,0.32,1,0,0,0.0,0,0
115.522,31.1,60.0,0.27,0.32,1,0,0,0.0,0,0
115.589,31.1,60.0,0.27,0.32,1,0,0,0.0,0,0
115.654,31.1,60.0,-1.11,0.32,1,0,0,0.0,0,0
115.724,31.1,50.0,-2.5,0.32,1,0,0,0.0,0,0
115.789,31.1,50.0,-2.5,0.32,1,0,0,0.0,0,0
115.856,31.1,50.0,-3.89,0.32,1,0,0,0.0,0,0
115.924,31.1,50.0,-3.89,0.32,1,0,0,0.0,0,0
115.99,31.1,50.0,-5.97,0.32,1,0,0,0.0,0,0
116.055,31.1,50.0,-5.97,0.32,1,0,0,0.0,0,0
116.123,31.1,50.0,-7.36,0.32,1,0,0,0.0,0,0
116.189,31.1,50.0,-8.74,0.32,1,0,0,0.0,0,0
116.256,31.1,50.0,-8.74,0.32,1,0,0,0.0,0,0
116.323,31.1,50.0,-10.13,0.32,1,0,0,0.0,0,0
116.391,31.1,50.0,-10.13,0.32,1,0,0,0.0,0,0
116.454,31.1,50.0,-11.52,0.32,1,0,0,0.0,0,0
116.523,31.1,50.0,-11.52,0.32,1,0,0,0.0,0,0
116.589,31.1,50.0,-13.6,0.32,1,0,0,0.0,0,0
116.656,31.1,50.0,-14.99,0.32,1,0,0,0.0,0,0
116.718,31.1,50.0,-14.99,0.32,1,0,0,0.0,0,0
116.79,31.1,50.0,-16.38,0.32,1,0,0,0.0,0,0
116.855,31.1,50.0,-16.38,0.32,1,0,0,0.0,0,0
116.92,31.1,50.0,-17.77,0.32,1,0,0,0.0,0,0
116.989,31.1,50.0,-19.16,0.32,1,0,0,0.0,0,0
117.055,31.1,50.0,-19.16,0.32,1,0,0,0.0,0,0
117.127,31.1,50.0,-21.24,0.32,1,0,0,0.0,0,0
117.224,31.1,50.0,-22.63,0.32,1,0,0,0.0,0,0
117.287,31.1,50.0,-22.63,0.32,1,0,0,0.0,0,0
117.354,31.1,50.0,-24.02,0.32,1,0,0,0.0,0,0
117.422,31.1,50.0,-24.02,0.32,1,0,0,0.0,0,0
117.486,31.1,50.0,-25.41,0.32,1,0,0,0.0,0,0
117.554,31.1,50.0,-25.41,0.32,1,0,0,0.0,0,0
117.62,31.1,50.0,-26.8,0.32,1,0,0,0.0,0,0
117.687,31.1,50.0,-26.8,0.32,1,0,0,0.0,0,0
117.755,31.0,50.0,-28.88,0.32,1,0,0,0.0,0,0
117.82,31.0,50.0,-30.26,0.32,1,0,0,0.0,0,0
117.89,31.0,50.0,-30.26,0.32,1,0,0,0.0,0,0
117.956,31.0,50.0,-31.65,0.32,1,0,0,0.0,0,0
118.024,31.0,50.0,-31.65,0.32,1,0,0,0.0,0,0
118.087,31.0,50.0,-33.04,0.32,1,0,0,0.0,0,0
118.155,31.0,50.0,-33.04,0.32,1,0,0,0.0,0,0
118.224,31.0,50.0,-34.42,0.32,1,0,0,0.0,0,0
118.288,31.3,50.0,-36.51,0.32,1,0,0,0.0,0,0
118.357,31.3,50.0,-36.51,0.32,1,0,0,0.0,0,0
118.423,31.1,50.0,-37.89,0.32,1,0,0,0.0,0,0
118.489,31.1,50.0,-37.89,0.32,1,0,0,0.0,0,0
118.554,31.1,50.0,-39.28,0.32,1,0,0,0.0,0,0
118.618,31.2,50.0,-40.67,0.32,1,0,0,0.0,0,0
118.689,31.2,30.0,-40.67,0.32,1,0,0,0.0,0,0
118.75,31.1,30.0,-42.06,0.32,1,0,0,0.0,0,0
118.821,31.1,30.0,-42.06,0.32,1,0,0,0.0,0,0
118.889,31.2,30.0,-44.14,0.32,1,0,0,0.0,0,0
118.954,31.2,30.0,-44.14,0.32,1,0,0,0.0,0,0
119.023,31.0,30.0,-45.52,0.32,1,0,0,0.0,0,0
119.087,31.0,30.0,-46.91,0.32,1,0,0,0.0,0,0
119.154,31.0,30.0,-46.91,0.32,1,0,0,0.0,0,0
119.221,31.1,30.0,-48.29,0.32,1,0,0,0.0,0,0
119.29,31.1,30.0,-48.29,0.32,1,0,0,0.0,0,0
119.355,31.1,30.0,-49.68,0.32,1,0,0,0.0,0,0
119.423,31.1,30.0,-49.68,0.32,1,40,0,0.961,0,0
119.486,31.0,30.0,-51.77,0.32,1,40,0,0.861,0,0
119.555,31.1,30.0,-53.16,0.32,1,0,0,0.0,0,0
119.62,31.1,30.0,-53.16,0.32,1,0,0,0.0,0,0
119.688,30.8,30.0,-54.55,0.32,1,40,0,0.957,0,0
119.753,30.8,30.0,-54.55,0.32,1,40,0,0.956,0,0
119.821,31.1,30.0,-55.93,0.32,1,40,40,0.946,0,0
119.888,31.1,30.0,-55.93,0.32,1,40,40,0.956,0,0
119.956,31.1,30.0,-57.32,0.32,1,40,40,0.964,0,0
120.022,31.2,30.0,-59.41,0.38,1,40,40,0.97,0,0
120.087,31.2,30.0,-59.41,0.38,1,40,40,0.941,0,0
120.154,31.1,30.0,-60.79,0.37,1,40,40,0.953,0,0
120.221,31.1,30.0,-60.79,0.37,1,40,40,0.958,0,0
120.29,31.0,30.0,-62.18,0.35,1,40,40,0.968,0,0
120.356,31.0,30.0,-62.18,0.35,1,40,40,0.963,0,0
120.421,31.0,30.0,-63.56,0.35,1,40,40,0.961,0,0
120.489,31.2,30.0,-64.95,0.35,1,40,40,0.955,0,0
120.553,31.2,30.0,-64.95,0.35,1,40,40,0.965,0,0
120.62,30.9,30.0,-67.02,0.33,1,40,40,0.953,0,0
120.685,30.9,30.0,-67.02,0.33,1,40,40,0.965,0,0
120.751,30.9,30.0,-68.4,0.3,1,40,40,0.965,0,0
120.822,31.1,30.0,-69.77,0.3,1,40,40,0.968,0,0
120.888,31.1,30.0,-69.77,0.3,1,40,40,0.968,0,0
120.954,31.0,30.0,-71.14,0.32,1,40,40,0.957,0,0
121.02,31.0,30.0,-71.14,0.32,1,40,40,0.953,0,0
121.084,31.1,30.0,-72.51,0.32,1,40,40,0.957,0,0
121.155,31.1,30.0,-72.51,0.32,1,40,40,0.96,0,0
121.221,31.1,30.0,-74.54,0.32,1,40,40,0.96,0,0
121.288,31.0,30.0,-75.89,0.32,1,40,40,0.965,0,0
121.353,31.0,30.0,-75.89,0.32,1,40,40,0.966,0,0
121.421,31.0,30.0,-77.22,0.32,1,40,40,0.967,0,0
121.488,31.0,30.0,-77.22,0.32,1,40,40,0.966,0,0
121.552,31.0,30.0,-78.54,0.32,1,40,40,0.964,0,0
121.619,31.0,30.0,-78.54,0.32,1,40,40,0.96,0,0
121.687,30.9,30.0,-79.84,0.32,1,40,40,0.961,0,0
121.757,30.9,30.0,-79.84,0.32,1,40,40,0.963,0,0
121.82,30.9,30.0,-81.76,0.32,1,40,40,0.961,0,0
121.886,31.0,30.0,-83.02,0.32,1,40,40,0.961,0,0
121.954,31.0,30.0,-83.02,0.32,1,40,40,0.961,0,0
122.02,30.9,30.0,-84.26,0.32,1,40,40,0.964,0,0
122.087,30.9,30.0,-84.26,0.32,1,40,40,0.961,0,0
122.154,31.0,30.0,-85.47,0.32,1,40,40,0.956,0,0
122.22,30.9,30.0,-86.65,0.32,1,40,40,0.958,0,0
122.289,30.9,30.0,-86.65,0.32,1,40,40,0.964,0,0
122.354,30.9,30.0,-88.37,0.32,1,40,40,0.966,0,0
122.417,30.9,30.0,-88.37,0.32,1,40,40,0.968,0,0
122.487,30.9,30.0,-89.48,0.32,1,40,40,0.968,0,0
122.552,30.9,30.0,-90.56,0.32,1,40,40,0.97,0,0
122.616,30.9,30.0,-90.56,0.32,1,40,40,0.97,0,0
122.686,30.9,30.0,-91.6,0.32,1,40,40,0.968,0,0
122.753,30.9,30.0,-91.6,0.32,1,40,40,0.97,0,0
122.82,31.0,30.0,-92.61,0.32,1,40,40,0.972,0,0
122.887,31.0,30.0,-92.61,0.32,1,40,40,0.971,0,0
122.953,30.9,30.0,-94.05,0.32,1,40,40,0.971,0,0
123.019,30.9,30.0,-94.96,0.32,1,40,40,0.968,0,0
123.087,30.9,30.0,-94.96,0.32,1,40,40,0.969,0,0
123.15,31.0,30.0,-95.83,0.32,1,40,40,0.968,0,0
123.222,31.0,30.0,-95.83,0.32,1,40,40,0.964,0,0
123.286,31.0,30.0,-96.66,0.32,1,40,40,0.962,0,0
123.351,31.0,30.0,-96.66,0.32,1,40,40,0.958,0,0
123.419,30.9,30.0,-97.45,0.32,1,40,40,0.958,0,0
123.484,30.9,30.0,-97.45,0.32,1,40,40,0.963,0,0
123.55,30.9,30.0,-98.55,0.32,1,40,40,0.968,0,0
123.616,31.0,30.0,-99.24,0.32,1,40,40,0.97,0,0
123.686,31.0,30.0,-99.24,0.32,1,40,40,0.967,0,0
123.753,30.9,30.0,-99.87,0.32,1,40,40,0.96,0,0
123.821,30.9,30.0,-99.87,0.32,1,40,40,0.957,0,0
123.886,31.0,30.0,-100.47,0.32,1,40,40,0.957,0,0
123.951,31.0,30.0,-100.47,0.32,1,40,40,0.955,0,0
124.017,30.9,30.0,-101.02,0.32,1,40,40,0.962,0,0
124.087,30.9,30.0,-101.76,0.32,1,40,40,0.96,0,0
124.154,30.9,30.0,-101.76,0.32,1,40,40,0.959,0,0
124.221,31.0,30.0,-102.2,0.32,1,40,40,0.959,0,0
124.287,31.0,30.0,-102.2,0.32,1,40,40,0.955,0,0
124.354,31.0,30.0,-102.6,0.32,1,0,0,0.0,0,0
124.418,30.9,30.0,-102.95,0.32,1,0,0,0.0,0,0
124.485,30.9,30.0,-102.95,0.32,1,0,0,0.0,0,0
124.55,30.9,30.0,-103.26,0.32,1,0,0,0.0,0,0
124.617,30.9,30.0,-103.26,0.32,1,0,0,0.0,0,0
124.685,31.0,30.0,-103.64,0.32,1,0,0,0.0,0,0
124.754,31.0,30.0,-103.64,0.32,1,0,0,0.0,0,0
124.816,30.9,30.0,-103.83,0.32,1,0,0,0.0,0,0
124.886,31.0,30.0,-103.99,0.32,1,0,0,0.0,0,0
124.949,31.0,30.0,-103.99,0.32,1,0,0,0.0,0,0
125.02,31.2,30.0,-104.1,0.32,1,0,0,0.0,0,0
125.086,31.2,30.0,-104.1,0.32,1,0,0,0.0,0,0
125.149,31.1,30.0,-104.21,0.32,1,0,0,0.0,0,0
125.222,31.1,30.0,-104.21,0.32,1,0,0,0.0,0,0
125.318,31.1,30.0,-104.37,0.32,1,0,0,0.0,0,0
125.384,31.1,30.0,-104.47,0.32,1,0,0,0.0,0,0
125.452,31.1,30.0,-104.57,0.32,1,0,0,0.0,0,0
125.518,31.1,30.0,-104.57,0.32,1,0,0,0.0,0,0
125.583,31.1,30.0,-104.66,0.32,1,0,0,0.0,0,0
125.649,31.1,30.0,-104.66,0.32,1,0,0,0.0,0,0
125.719,31.1,30.0,-104.74,0.32,1,0,0,0.0,0,0
125.789,31.1,30.0,-104.74,0.32,1,0,0,0.0,0,0
125.885,31.1,30.0,-104.85,0.32,1,0,0,0.0,0,0
125.952,31.1,30.0,-104.92,0.32,1,0,0,0.0,0,0
126.018,31.1,30.0,-104.92,0.32,1,0,0,0.0,0,0
126.083,31.0,30.0,-104.98,0.32,1,0,0,0.0,0,0
126.151,31.1,30.0,-105.03,0.32,1,0,0,0.0,0,0
126.22,31.1,30.0,-105.03,0.32,1,0,0,0.0,0,0
126.285,31.1,30.0,-105.07,0.32,1,0,0,0.0,0,0
126.352,31.1,30.0,-105.07,0.32,1,0,0,0.0,0,0
126.418,31.0,30.0,-105.12,0.32,1,0,0,0.0,0,0
126.485,31.0,30.0,-105.12,0.32,1,0,0,0.0,0,0
126.551,31.1,30.0,-105.14,0.32,1,0,0,0.0,0,0
126.616,30.9,30.0,-105.13,0.32,1,0,0,0.0,0,0
126.684,30.9,30.0,-105.13,0.32,1,0,0,0.0,0,0
126.751,31.1,30.0,-105.09,0.32,1,0,0,0.0,0,0
126.819,31.1,30.0,-105.09,0.32,1,0,0,0.0,0,0
126.886,30.9,30.0,-105.01,0.32,1,0,0,0.0,0,0
126.951,30.9,30.0,-105.01,0.32,1,0,0,0.0,0,0
127.018,30.9,30.0,-104.78,0.32,1,0,0,0.0,0,0
127.085,31.2,30.0,-104.57,0.32,1,0,0,0.0,0,0
127.15,31.2,30.0,-104.57,0.32,1,0,0,0.0,0,0
127.219,31.0,30.0,-104.35,0.32,1,0,0,0.0,0,0
127.283,31.0,30.0,-104.35,0.32,1,0,0,0.0,0,0
127.351,31.0,30.0,-104.17,0.32,1,0,0,0.0,0,0
127.417,31.0,30.0,-104.17,0.32,1,0,0,0.0,0,0
127.485,31.0,30.0,-104.05,0.32,1,0,0,0.0,0,0
127.55,31.0,30.0,-103.92,0.32,1,0,0,0.0,0,0
127.615,31.0,30.0,-103.92,0.32,1,0,0,0.0,0,0
127.682,31.1,30.0,-103.88,0.32,1,0,0,0.0,0,0
127.753,31.1,30.0,-103.88,0.32,1,0,0,0.0,0,0
127.821,31.0,30.0,-103.87,0.32,1,0,0,0.0,0,0
127.884,31.1,30.0,-103.88,0.32,1,0,0,0.0,0,0
127.953,31.1,30.0,-103.88,0.32,1,0,0,0.0,0,0
128.017,31.0,30.0,-103.91,0.32,1,0,0,0.0,0,0
128.083,31.0,30.0,-103.91,0.32,1,0,0,0.0,0,0
128.153,30.9,30.0,-104.01,0.32,1,0,0,0.0,0,0
128.215,30.9,30.0,-104.01,0.32,1,0,0,0.0,0,0
128.283,31.1,30.0,-104.12,0.32,1,0,0,0.0,0,0
128.347,30.9,30.0,-104.27,0.32,1,0,0,0.0,0,0
128.418,30.9,30.0,-104.27,0.32,1,0,0,0.0,0,0
128.484,30.9,30.0,-104.47,0.32,1,0,0,0.0,0,0
128.549,30.9,30.0,-104.47,0.32,1,0,0,0.0,0,0
128.614,30.9,30.0,-104.73,0.32,1,0,0,0.0,0,0
128.683,30.9,30.0,-104.73,0.32,1,0,0,0.0,0,0
128.75,31.2,30.0,-105.18,0.31,1,0,0,0.0,0,0
128.818,30.9,30.0,-105.45,0.32,1,0,0,0.0,0,0
128.882,30.9,30.0,-105.45,0.32,1,0,0,0.0,0,0
128.95,30.9,30.0,-105.67,0.32,1,0,0,0.0,0,0
129.022,30.9,30.0,-105.67,0.32,1,0,0,0.0,0,0
129.116,30.9,30.0,-105.84,0.32,1,0,0,0.0,0,0
129.182,30.8,30.0,-105.97,0.32,1,0,0,0.0,0,0
129.25,30.8,30.0,-105.97,0.32,1,0,0,0.0,0,0
129.317,30.8,30.0,-106.06,0.32,1,0,0,0.0,0,0
129.384,30.8,30.0,-106.06,0.32,1,0,0,0.0,0,0
129.45,30.8,30.0,-106.04,0.32,1,0,0,0.0,0,0
129.515,31.2,30.0,-105.95,0.32,1,0,0,0.0,0,0
129.58,31.2,30.0,-105.95,0.32,1,0,0,0.0,0,0
129.647,31.1,30.0,-105.84,0.32,1,0,0,0.0,0,0
129.715,31.1,30.0,-105.84,0.32,1,0,0,0.0,0,0
129.783,31.1,30.0,-105.72,0.32,1,0,0,0.0,0,0
129.85,31.1,30.0,-105.72,0.32,1,0,0,0.0,0,0
129.918,31.1,30.0,-105.55,0.32,1,0,0,0.0,0,0
129.982,31.1,30.0,-105.44,0.32,1,0,0,0.0,0,0
130.049,31.1,30.0,-105.44,0.32,1,0,0,0.0,0,0
130.112,31.1,30.0,-105.34,0.32,1,0,0,0.0,0,0
130.181,31.1,30.0,-105.34,0.32,1,0,0,0.0,0,0
130.245,31.1,30.0,-105.23,0.32,1,0,0,0.0,0,0
130.314,31.1,30.0,-105.23,0.32,1,0,0,0.0,0,0
130.382,31.1,30.0,-105.13,0.32,1,0,0,0.0,0,0
130.446,31.1,30.0,-104.98,0.32,1,0,0,0.0,0,0
130.516,31.1,30.0,-104.98,0.32,1,0,0,0.0,0,0
130.583,31.0,30.0,-104.87,0.32,1,0,0,0.0,0,0
130.648,31.0,30.0,-104.87,0.32,1,0,0,0.0,0,0
130.714,31.1,30.0,-104.75,0.32,1,0,0,0.0,0,0
130.782,31.0,30.0,-104.61,0.32,1,10,0,0.953,0,0
130.848,31.0,30.0,-104.61,0.32,1,10,0,0.969,0,0
130.923,31.1,30.0,-104.45,0.32,1,10,10,0.961,0,1
131.031,31.1,30.0,-104.45,0.32,1,50,0,0.605,0,0
131.115,31.1,30.0,-104.17,0.32,1,10,0,0.886,0,0
131.183,31.0,30.0,-103.95,0.32,1,10,0,0.946,0,0
131.249,31.0,30.0,-103.7,0.32,1,10,10,0.954,0,1
131.313,31.0,30.0,-103.7,0.32,1,10,10,0.892,0,1
131.38,31.0,30.0,-103.41,0.32,1,10,10,0.935,0,1
131.45,31.0,30.0,-103.41,0.32,1,10,10,0.825,0,1
131.517,31.0,30.0,-103.08,0.32,1,10,10,0.845,0,1
131.58,31.0,30.0,-103.08,0.32,1,10,10,0.766,0,1
131.646,31.0,30.0,-102.51,0.32,1,10,10,0.91,0,1
131.713,30.9,30.0,-102.08,0.32,1,10,10,0.965,0,1
131.781,30.9,30.0,-102.08,0.32,1,10,10,0.964,0,1
131.849,30.9,30.0,-101.6,0.32,1,10,10,0.963,0,1
131.913,30.9,30.0,-101.6,0.32,1,10,10,0.962,0,1
131.981,31.0,30.0,-101.07,0.32,1,10,10,0.963,1,1
132.049,31.0,30.0,-101.07,0.32,1,10,10,0.962,1,1
132.119,30.9,30.0,-100.5,0.32,1,10,10,0.961,1,1
132.214,30.8,30.0,-99.55,0.32,1,10,10,0.96,1,1
132.28,30.9,30.0,-98.85,0.32,1,10,10,0.957,1,1
132.348,30.9,30.0,-98.85,0.32,1,10,10,0.96,1,1
132.417,30.8,30.0,-98.11,0.32,1,10,10,0.961,1,1
132.48,30.8,30.0,-98.11,0.32,1,10,10,0.964,1,1
132.546,30.9,30.0,-97.32,0.32,1,10,10,0.964,1,1
132.613,30.9,30.0,-97.32,0.32,1,10,10,0.963,1,1
132.68,30.9,30.0,-96.49,0.32,1,10,10,0.965,1,1
132.746,30.8,30.0,-95.15,0.32,1,10,10,0.966,1,1
132.815,30.8,30.0,-95.15,0.32,1,10,10,0.966,1,1
132.882,30.9,30.0,-94.21,0.32,1,10,10,0.964,1,1
132.948,30.9,30.0,-94.21,0.32,1,10,10,0.965,1,1
133.016,30.9,30.0,-93.22,0.32,1,10,10,0.963,1,1
133.083,30.9,30.0,-93.22,0.32,1,10,10,0.963,1,1
133.148,30.9,30.0,-92.2,0.32,1,10,10,0.965,1,1
133.214,30.9,30.0,-91.14,0.32,1,10,10,0.966,1,1
133.282,30.9,30.0,-91.14,0.32,1,10,10,0.966,1,1
133.354,30.9,30.0,-89.49,0.32,1,10,10,0.964,1,1
133.449,30.9,30.0,-88.35,0.32,1,10,10,0.955,1,1
133.513,30.9,30.0,-88.35,0.32,1,10,10,0.954,1,1
133.58,30.9,30.0,-87.18,0.32,1,10,10,0.946,1,1
133.648,30.9,30.0,-87.18,0.32,1,10,10,0.729,1,1
133.713,31.0,30.0,-85.98,0.32,1,0,0,0.0,0,0
133.781,31.0,30.0,-85.98,0.32,1,10,0,0.869,0,0
133.848,30.9,30.0,-84.76,0.32,1,0,0,0.0,0,0
133.913,30.9,30.0,-82.89,0.32,1,0,0,0.0,0,0
133.982,30.9,30.0,-82.89,0.32,1,0,0,0.0,0,0
134.047,31.0,30.0,-81.61,0.32,1,0,0,0.0,0,0
134.114,31.0,30.0,-81.61,0.32,1,0,0,0.0,0,0
134.182,30.9,30.0,-80.32,0.32,1,0,0,0.0,0,0
134.249,30.9,30.0,-80.32,0.32,1,0,0,0.0,0,0
134.315,31.0,30.0,-79.01,0.32,1,0,0,0.0,0,0
134.379,30.9,30.0,-77.69,0.32,1,0,0,0.0,0,0
134.448,30.9,30.0,-77.69,0.32,1,0,0,0.0,0,0
134.515,30.9,30.0,-75.68,0.32,1,0,0,0.0,0,0
134.581,30.9,30.0,-75.68,0.32,1,0,0,0.0,0,0
134.646,30.9,30.0,-74.33,0.32,1,0,0,0.0,0,0
134.714,31.0,30.0,-72.97,0.32,1,0,0,0.0,0,0
134.78,31.0,30.0,-72.97,0.32,1,0,0,0.0,0,0
134.849,30.9,30.0,-71.6,0.32,1,0,0,0.0,0,0
134.914,30.9,30.0,-71.6,0.32,1,0,0,0.0,0,0
134.98,31.0,30.0,-70.22,0.32,1,0,0,0.0,0,0
135.048,31.0,30.0,-70.22,0.32,1,0,0,0.0,0,0
135.115,31.0,30.0,-68.15,0.32,1,0,0,0.0,0,0
135.18,31.1,30.0,-66.76,0.32,1,0,0,0.0,0,0
135.248,31.1,30.0,-66.76,0.32,1,0,0,0.0,0,0
135.316,31.0,30.0,-65.38,0.32,1,0,0,0.0,0,0
135.381,31.0,30.0,-65.38,0.32,1,0,0,0.0,0,0
135.449,31.0,30.0,-64.0,0.32,1,0,0,0.0,0,0
135.515,31.0,30.0,-64.0,0.32,1,0,0,0.0,0,0
135.58,30.8,30.0,-62.63,0.32,1,0,0,0.0,0,0
135.647,30.8,30.0,-60.6,0.32,1,0,0,0.0,0,0
135.712,30.8,30.0,-60.6,0.32,1,0,0,0.0,0,0
135.786,30.8,30.0,-59.27,0.32,1,0,0,0.0,0,0
135.883,31.3,30.0,-57.94,0.32,1,0,0,0.0,0,0
135.948,31.3,30.0,-57.94,0.32,1,0,0,0.0,0,0
136.025,30.8,30.0,-56.62,0.32,1,0,0,0.0,0,0
136.119,30.5,30.0,-55.3,0.32,1,0,0,0.0,0,0
136.22,30.7,30.0,-53.29,0.32,1,0,0,0.0,0,0
136.319,30.7,30.0,-53.29,0.32,1,0,0,0.0,0,0
136.424,31.0,30.0,-51.91,0.32,1,0,0,0.0,0,0
136.515,30.9,30.0,-50.53,0.32,1,0,0,0.0,0,0
136.585,30.9,30.0,-49.14,0.32,1,0,0,0.0,0,0
136.681,31.0,30.0,-47.76,0.32,1,0,0,0.0,0,0
136.745,31.0,30.0,-47.76,0.32,1,0,0,0.0,0,0
136.816,31.0,30.0,-45.69,0.32,1,0,0,0.0,0,0
136.883,31.0,30.0,-45.69,0.32,1,0,0,0.0,0,0
136.961,31.0,30.0,-44.31,0.32,1,0,0,0.0,0,0
137.056,31.0,30.0,-42.93,0.32,1,0,0,0.0,0,0
137.153,31.1,30.0,-41.56,0.32,1,0,0,0.0,0,0
137.251,31.1,30.0,-40.18,0.32,1,0,0,0.0,0,0
137.348,31.1,30.0,-40.18,0.32,1,0,0,0.0,0,0
137.413,31.1,30.0,-38.13,0.32,1,0,0,0.0,0,0
137.48,31.1,50.0,-36.75,0.32,1,0,0,0.0,0,0
137.552,31.1,50.0,-36.75,0.32,1,0,0,0.0,0,0
137.649,31.1,50.0,-35.38,0.32,1,0,0,0.0,0,0
137.717,31.1,50.0,-34.0,0.32,1,0,0,0.0,0,0
137.819,31.1,50.0,-32.62,0.32,1,0,0,0.0,0,0
137.923,31.1,50.0,-32.62,0.32,1,0,0,0.0,0,0
138.017,31.1,50.0,-30.54,0.32,1,0,0,0.0,0,0
138.119,31.1,50.0,-29.16,0.32,1,0,0,0.0,0,0
138.219,31.1,50.0,-27.77,0.32,1,0,0,0.0,0,0
138.315,31.1,50.0,-26.39,0.32,1,0,0,0.0,0,0
138.381,31.1,50.0,-26.39,0.32,1,0,0,0.0,0,0
138.446,31.1,50.0,-25.0,0.32,1,0,0,0.0,0,0
138.512,31.1,50.0,-22.92,0.32,1,0,0,0.0,0,0
138.577,31.1,50.0,-22.92,0.32,1,0,0,0.0,0,0
138.649,31.1,50.0,-21.53,0.32,1,0,0,0.0,0,0
138.722,31.1,50.0,-21.53,0.32,1,0,0,0.0,0,0
138.82,31.1,50.0,-20.14,0.32,1,0,0,0.0,0,0
138.915,31.1,50.0,-18.75,0.32,1,0,0,0.0,0,0
138.989,31.1,50.0,-17.36,0.32,1,0,0,0.0,0,0
139.086,31.1,50.0,-15.28,0.32,1,0,0,0.0,0,0
139.193,31.1,50.0,-15.28,0.32,1,0,0,0.0,0,0
139.282,31.1,50.0,-13.89,0.32,1,0,0,0.0,0,0
139.347,31.1,50.0,-12.5,0.32,1,0,0,0.0,0,0
139.416,31.1,50.0,-12.5,0.32,1,0,0,0.0,0,0
139.511,31.1,50.0,-11.12,0.32,1,0,0,0.0,0,0
139.581,31.1,50.0,-11.12,0.32,1,0,0,0.0,0,0
139.642,31.1,50.0,-11.12,0.32,1,0,0,0.0,0,0
139.712,31.1,50.0,-11.12,0.32,1,0,0,0.0,0,0
139.775,31.1,50.0,-11.12,0.32,1,0,0,0.0,0,0
139.842,31.1,50.0,-11.12,0.32,1,0,0,0.0,0,0
139.906,31.1,50.0,-11.12,0.32,1,0,0,0.0,0,0
139.978,31.1,50.0,-11.12,0.32,1,0,0,0.0,0,0
140.046,31.1,50.0,-11.12,0.32,1,0,0,0.0,0,0
140.111,31.1,50.0,-11.12,0.32,1,0,0,0.0,0,0
140.177,31.1,50.0,-11.12,0.32,1,0,0,0.0,0,0
140.277,31.1,50.0,-11.12,0.32,1,0,0,0.0,0,0
140.343,31.1,50.0,-11.12,0.32,1,0,0,0.0,0,0
140.414,31.1,50.0,-11.12,0.32,1,0,0,0.0,0,0
140.472,31.1,50.0,-11.12,0.32,1,0,0,0.0,0,0
140.539,31.1,50.0,-11.12,0.32,1,0,0,0.0,0,0
140.606,31.1,50.0,-11.12,0.32,1,0,0,0.0,0,0
140.671,31.1,50.0,-11.12,0.32,1,0,0,0.0,0,0
140.741,31.1,50.0,-11.12,0.32,1,0,0,0.0,0,0
140.809,31.1,50.0,-11.12,0.32,1,0,0,0.0,0,0
140.871,31.1,50.0,-11.12,0.32,1,0,0,0.0,0,0
140.936,31.1,50.0,-11.12,0.32,1,0,0,0.0,0,0
141.004,31.1,50.0,-11.12,0.32,1,0,0,0.0,0,0
141.071,31.1,50.0,-11.12,0.32,1,0,0,0.0,0,0
141.137,31.1,50.0,-11.12,0.32,1,0,0,0.0,0,0
141.204,31.1,50.0,-11.12,0.32,1,0,0,0.0,0,0
141.278,31.1,50.0,-11.12,0.32,1,0,0,0.0,0,0
141.338,31.1,50.0,-11.12,0.32,1,0,0,0.0,0,0
141.403,31.1,50.0,-11.12,0.32,1,0,0,0.0,0,0
141.471,31.1,50.0,-11.12,0.32,1,0,0,0.0,0,0
141.537,31.1,50.0,-11.12,0.32,1,0,0,0.0,0,0
141.602,31.1,50.0,-11.12,0.32,1,0,0,0.0,0,0
141.67,31.1,50.0,-11.12,0.32,1,0,0,0.0,0,0
