timestamp,vehicle_speed_mph,map_speed_mph,pos_x,pos_z,webots_connected,detected_speed,confirmed_speed,confidence,is_overspeed,is_temporary
0.471,30.0,30.0,0.0,0.0,0,0,0,0.0,0,0
0.631,30.0,30.0,0.0,0.0,0,0,0,0.0,0,0
0.674,30.0,30.0,0.0,0.0,0,0,0,0.0,0,0
0.713,30.0,30.0,0.0,0.0,0,0,0,0.0,0,0
0.748,30.0,30.0,0.0,0.0,0,0,0,0.0,0,0
0.793,30.0,30.0,0.0,0.0,0,0,0,0.0,0,0
0.837,30.0,30.0,0.0,0.0,0,0,0,0.0,0,0
0.883,30.0,30.0,0.0,0.0,0,0,0,0.0,0,0
0.916,30.0,30.0,0.0,0.0,0,0,0,0.0,0,0
0.963,30.0,30.0,0.0,0.0,0,0,0,0.0,0,0
1.046,30.0,30.0,0.0,0.0,0,0,0,0.0,0,0
1.089,30.0,30.0,0.0,0.0,0,0,0,0.0,0,0
1.166,30.0,30.0,0.0,0.0,0,0,0,0.0,0,0
1.205,30.0,30.0,0.0,0.0,0,0,0,0.0,0,0
1.252,30.0,30.0,0.0,0.0,0,0,0,0.0,0,0
1.296,30.0,30.0,0.0,0.0,0,0,0,0.0,0,0
1.333,30.0,30.0,0.0,0.0,0,0,0,0.0,0,0
1.377,30.0,30.0,0.0,0.0,0,0,0,0.0,0,0
1.419,30.0,30.0,0.0,0.0,0,0,0,0.0,0,0
1.458,30.0,30.0,0.0,0.0,0,0,0,0.0,0,0
1.5,30.0,30.0,0.0,0.0,0,0,0,0.0,0,0
1.545,30.0,30.0,0.0,0.0,0,0,0,0.0,0,0
1.582,30.0,30.0,0.0,0.0,0,0,0,0.0,0,0
1.626,30.0,30.0,0.0,0.0,0,0,0,0.0,0,0
1.671,30.0,30.0,0.0,0.0,0,0,0,0.0,0,0
1.709,30.0,30.0,0.0,0.0,0,0,0,0.0,0,0
1.753,30.0,30.0,0.0,0.0,0,0,0,0.0,0,0
1.791,30.0,30.0,0.0,0.0,0,0,0,0.0,0,0
1.834,30.0,30.0,0.0,0.0,0,0,0,0.0,0,0
1.877,30.0,30.0,0.0,0.0,0,0,0,0.0,0,0
1.919,30.0,30.0,0.0,0.0,0,0,0,0.0,0,0
1.965,30.0,30.0,0.0,0.0,0,0,0,0.0,0,0
1.999,30.0,30.0,0.0,0.0,0,0,0,0.0,0,0
2.043,30.0,30.0,0.0,0.0,0,0,0,0.0,0,0
2.087,30.0,30.0,0.0,0.0,0,0,0,0.0,0,0
2.127,30.0,30.0,0.0,0.0,0,0,0,0.0,0,0
2.168,30.0,30.0,0.0,0.0,0,0,0,0.0,0,0
2.212,30.0,30.0,0.0,0.0,0,0,0,0.0,0,0
2.256,30.0,30.0,0.0,0.0,0,0,0,0.0,0,0
2.296,30.0,30.0,0.0,0.0,0,0,0,0.0,0,0
2.339,30.0,30.0,0.0,0.0,0,0,0,0.0,0,0
2.377,30.0,30.0,0.0,0.0,0,0,0,0.0,0,0
2.418,30.0,30.0,0.0,0.0,0,0,0,0.0,0,0
2.461,30.0,30.0,0.0,0.0,0,0,0,0.0,0,0
2.502,30.0,30.0,0.0,0.0,0,0,0,0.0,0,0
2.542,30.0,30.0,0.0,0.0,0,0,0,0.0,0,0
2.587,30.0,30.0,0.0,0.0,0,0,0,0.0,0,0
2.628,30.0,30.0,0.0,0.0,0,0,0,0.0,0,0
2.672,30.0,30.0,0.0,0.0,0,0,0,0.0,0,0
2.711,30.0,30.0,0.0,0.0,0,0,0,0.0,0,0
2.752,30.0,30.0,0.0,0.0,0,0,0,0.0,0,0
2.791,30.0,30.0,0.0,0.0,0,0,0,0.0,0,0
2.835,30.0,30.0,0.0,0.0,0,0,0,0.0,0,0
2.878,30.0,30.0,0.0,0.0,0,0,0,0.0,0,0
2.92,30.0,30.0,0.0,0.0,0,0,0,0.0,0,0
2.959,30.0,30.0,0.0,0.0,0,0,0,0.0,0,0
2.998,30.0,30.0,0.0,0.0,0,0,0,0.0,0,0
3.043,30.0,30.0,0.0,0.0,0,0,0,0.0,0,0
3.085,30.0,30.0,0.0,0.0,0,0,0,0.0,0,0
3.126,30.0,30.0,0.0,0.0,0,0,0,0.0,0,0
3.168,30.0,30.0,0.0,0.0,0,0,0,0.0,0,0
3.209,30.0,30.0,0.0,0.0,0,0,0,0.0,0,0
3.251,30.0,30.0,0.0,0.0,0,0,0,0.0,0,0
3.297,30.0,30.0,0.0,0.0,0,0,0,0.0,0,0
3.334,30.0,30.0,0.0,0.0,0,0,0,0.0,0,0
3.379,30.0,30.0,0.0,0.0,0,0,0,0.0,0,0
3.416,30.0,30.0,0.0,0.0,0,0,0,0.0,0,0
3.459,30.0,30.0,0.0,0.0,0,0,0,0.0,0,0
3.509,30.0,30.0,0.0,0.0,0,0,0,0.0,0,0
3.545,30.0,30.0,0.0,0.0,0,0,0,0.0,0,0
3.589,30.0,30.0,0.0,0.0,0,0,0,0.0,0,0
3.628,30.0,30.0,0.0,0.0,0,0,0,0.0,0,0
3.669,30.0,30.0,0.0,0.0,0,0,0,0.0,0,0
3.708,30.0,30.0,0.0,0.0,0,0,0,0.0,0,0
3.754,30.0,30.0,0.0,0.0,0,0,0,0.0,0,0
3.791,30.0,30.0,0.0,0.0,0,0,0,0.0,0,0
3.839,30.0,30.0,0.0,0.0,0,0,0,0.0,0,0
3.878,30.0,30.0,0.0,0.0,0,0,0,0.0,0,0
3.915,30.0,30.0,0.0,0.0,0,0,0,0.0,0,0
3.958,30.0,30.0,0.0,0.0,0,0,0,0.0,0,0
4.005,30.0,30.0,0.0,0.0,0,0,0,0.0,0,0
4.045,30.0,30.0,0.0,0.0,0,0,0,0.0,0,0
4.083,30.0,30.0,0.0,0.0,0,0,0,0.0,0,0
4.127,30.0,30.0,0.0,0.0,0,0,0,0.0,0,0
4.165,30.0,30.0,0.0,0.0,0,0,0,0.0,0,0
4.21,30.0,30.0,0.0,0.0,0,0,0,0.0,0,0
4.254,30.0,30.0,0.0,0.0,0,0,0,0.0,0,0
4.29,30.0,30.0,0.0,0.0,0,0,0,0.0,0,0
4.336,30.0,30.0,0.0,0.0,0,0,0,0.0,0,0
4.374,30.0,30.0,0.0,0.0,0,0,0,0.0,0,0
4.413,30.0,30.0,0.0,0.0,0,0,0,0.0,0,0
4.458,30.0,30.0,0.0,0.0,0,0,0,0.0,0,0
4.503,30.0,30.0,0.0,0.0,0,0,0,0.0,0,0
4.54,30.0,30.0,0.0,0.0,0,0,0,0.0,0,0
4.586,30.0,30.0,0.0,0.0,0,0,0,0.0,0,0
4.625,30.0,30.0,0.0,0.0,0,0,0,0.0,0,0
4.67,30.0,30.0,0.0,0.0,0,0,0,0.0,0,0
4.707,30.0,30.0,0.0,0.0,0,0,0,0.0,0,0
4.756,30.0,30.0,0.0,0.0,0,0,0,0.0,0,0
4.794,30.0,30.0,0.0,0.0,0,0,0,0.0,0,0
4.832,30.0,30.0,0.0,0.0,0,0,0,0.0,0,0
4.877,30.0,30.0,0.0,0.0,0,0,0,0.0,0,0
4.913,30.0,30.0,0.0,0.0,0,0,0,0.0,0,0
4.961,30.0,30.0,0.0,0.0,0,0,0,0.0,0,0
4.999,30.0,30.0,0.0,0.0,0,0,0,0.0,0,0
5.044,30.0,30.0,0.0,0.0,0,0,0,0.0,0,0
5.086,30.0,30.0,0.0,0.0,0,0,0,0.0,0,0
5.122,30.0,30.0,0.0,0.0,0,0,0,0.0,0,0
5.17,30.0,30.0,0.0,0.0,0,0,0,0.0,0,0
5.208,30.0,30.0,0.0,0.0,0,0,0,0.0,0,0
5.253,30.0,30.0,0.0,0.0,0,0,0,0.0,0,0
5.29,30.0,30.0,0.0,0.0,0,0,0,0.0,0,0
5.331,30.0,30.0,0.0,0.0,0,0,0,0.0,0,0
5.375,30.0,30.0,0.0,0.0,0,0,0,0.0,0,0
5.417,30.0,30.0,0.0,0.0,0,0,0,0.0,0,0
5.458,30.0,30.0,0.0,0.0,0,0,0,0.0,0,0
5.504,30.0,30.0,0.0,0.0,0,0,0,0.0,0,0
5.545,30.0,30.0,0.0,0.0,0,0,0,0.0,0,0
5.581,30.0,30.0,0.0,0.0,0,0,0,0.0,0,0
5.622,30.0,30.0,0.0,0.0,0,0,0,0.0,0,0
5.666,30.0,30.0,0.0,0.0,0,0,0,0.0,0,0
5.709,30.0,30.0,0.0,0.0,0,0,0,0.0,0,0
5.751,30.0,30.0,0.0,0.0,0,0,0,0.0,0,0
5.791,30.0,30.0,0.0,0.0,0,0,0,0.0,0,0
5.835,30.0,30.0,0.0,0.0,0,0,0,0.0,0,0
5.876,30.0,30.0,0.0,0.0,0,0,0,0.0,0,0
5.918,30.0,30.0,0.0,0.0,0,0,0,0.0,0,0
5.96,30.0,30.0,0.0,0.0,0,0,0,0.0,0,0
6.0,30.0,30.0,0.0,0.0,0,0,0,0.0,0,0
6.044,30.0,30.0,0.0,0.0,0,0,0,0.0,0,0
6.088,30.0,30.0,0.0,0.0,0,0,0,0.0,0,0
6.122,30.0,30.0,0.0,0.0,0,0,0,0.0,0,0
6.165,30.0,30.0,0.0,0.0,0,0,0,0.0,0,0
6.208,30.0,30.0,0.0,0.0,0,0,0,0.0,0,0
6.248,30.0,30.0,0.0,0.0,0,0,0,0.0,0,0
6.291,30.0,30.0,0.0,0.0,0,0,0,0.0,0,0
6.333,30.0,30.0,0.0,0.0,0,0,0,0.0,0,0
6.375,30.0,30.0,0.0,0.0,0,0,0,0.0,0,0
6.417,30.0,30.0,0.0,0.0,0,0,0,0.0,0,0
6.46,30.0,30.0,0.0,0.0,0,0,0,0.0,0,0
6.501,30.0,30.0,0.0,0.0,0,0,0,0.0,0,0
6.541,30.0,30.0,0.0,0.0,0,0,0,0.0,0,0
6.582,30.0,30.0,0.0,0.0,0,0,0,0.0,0,0
6.625,30.0,30.0,0.0,0.0,0,0,0,0.0,0,0
6.668,30.0,30.0,0.0,0.0,0,0,0,0.0,0,0
6.711,30.0,30.0,0.0,0.0,0,0,0,0.0,0,0
6.75,30.0,30.0,0.0,0.0,0,0,0,0.0,0,0
6.792,30.0,30.0,0.0,0.0,0,0,0,0.0,0,0
6.833,30.0,30.0,0.0,0.0,0,0,0,0.0,0,0
6.877,30.0,30.0,0.0,0.0,0,0,0,0.0,0,0
6.913,30.0,30.0,0.0,0.0,0,0,0,0.0,0,0
6.957,30.0,30.0,0.0,0.0,0,0,0,0.0,0,0
7.001,30.0,30.0,0.0,0.0,0,0,0,0.0,0,0
7.042,30.0,30.0,0.0,0.0,0,0,0,0.0,0,0
7.085,30.0,30.0,0.0,0.0,0,0,0,0.0,0,0
7.12,30.0,30.0,0.0,0.0,0,0,0,0.0,0,0
7.166,30.0,30.0,0.0,0.0,0,0,0,0.0,0,0
7.207,30.0,30.0,0.0,0.0,0,0,0,0.0,0,0
7.25,30.0,30.0,0.0,0.0,0,0,0,0.0,0,0
7.292,30.0,30.0,0.0,0.0,0,0,0,0.0,0,0
7.333,30.0,30.0,0.0,0.0,0,0,0,0.0,0,0
7.377,30.0,30.0,0.0,0.0,0,0,0,0.0,0,0
7.414,30.0,30.0,0.0,0.0,0,0,0,0.0,0,0
7.458,30.0,30.0,0.0,0.0,0,0,0,0.0,0,0
7.501,30.0,30.0,0.0,0.0,0,0,0,0.0,0,0
7.542,30.0,30.0,0.0,0.0,0,0,0,0.0,0,0
7.583,30.0,30.0,0.0,0.0,0,0,0,0.0,0,0
7.628,30.0,30.0,0.0,0.0,0,0,0,0.0,0,0
7.667,30.0,30.0,0.0,0.0,0,0,0,0.0,0,0
7.709,30.0,30.0,0.0,0.0,0,0,0,0.0,0,0
7.75,30.0,30.0,0.0,0.0,0,0,0,0.0,0,0
7.793,30.0,30.0,0.0,0.0,0,0,0,0.0,0,0
7.834,30.0,30.0,0.0,0.0,0,0,0,0.0,0,0
7.877,30.0,30.0,0.0,0.0,0,0,0,0.0,0,0
7.914,30.0,30.0,0.0,0.0,0,0,0,0.0,0,0
7.958,30.0,30.0,0.0,0.0,0,0,0,0.0,0,0
8.002,30.0,30.0,0.0,0.0,0,0,0,0.0,0,0
8.043,30.0,30.0,0.0,0.0,0,0,0,0.0,0,0
8.082,30.0,30.0,0.0,0.0,0,0,0,0.0,0,0
8.125,30.0,30.0,0.0,0.0,0,0,0,0.0,0,0
8.166,30.0,30.0,0.0,0.0,0,0,0,0.0,0,0
8.208,30.0,30.0,0.0,0.0,0,0,0,0.0,0,0
8.251,30.0,30.0,0.0,0.0,0,0,0,0.0,0,0
8.294,30.0,30.0,0.0,0.0,0,0,0,0.0,0,0
8.339,30.0,30.0,0.0,0.0,0,0,0,0.0,0,0
8.378,30.0,30.0,0.0,0.0,0,0,0,0.0,0,0
8.417,30.0,30.0,0.0,0.0,0,0,0,0.0,0,0
8.477,30.0,30.0,0.0,0.0,0,0,0,0.0,0,0
8.547,30.0,30.0,0.0,0.0,0,0,0,0.0,0,0
8.587,30.0,30.0,0.0,0.0,0,0,0,0.0,0,0
8.626,30.0,30.0,0.0,0.0,0,0,0,0.0,0,0
8.668,30.0,30.0,0.0,0.0,0,0,0,0.0,0,0
8.708,30.0,30.0,0.0,0.0,0,0,0,0.0,0,0
8.751,30.0,30.0,0.0,0.0,0,0,0,0.0,0,0
8.792,30.0,30.0,0.0,0.0,0,0,0,0.0,0,0
8.835,30.0,30.0,0.0,0.0,0,0,0,0.0,0,0
8.876,30.0,30.0,0.0,0.0,0,0,0,0.0,0,0
8.915,30.0,30.0,0.0,0.0,0,0,0,0.0,0,0
8.956,30.0,30.0,0.0,0.0,0,0,0,0.0,0,0
8.999,30.0,30.0,0.0,0.0,0,0,0,0.0,0,0
9.039,30.0,30.0,0.0,0.0,0,0,0,0.0,0,0
9.082,30.0,30.0,0.0,0.0,0,0,0,0.0,0,0
9.126,30.0,30.0,0.0,0.0,0,0,0,0.0,0,0
9.165,30.0,30.0,0.0,0.0,0,0,0,0.0,0,0
9.206,30.0,30.0,0.0,0.0,0,0,0,0.0,0,0
9.248,30.0,30.0,0.0,0.0,0,0,0,0.0,0,0
9.291,30.0,30.0,0.0,0.0,0,0,0,0.0,0,0
9.333,30.0,30.0,0.0,0.0,0,0,0,0.0,0,0
9.376,30.0,30.0,0.0,0.0,0,0,0,0.0,0,0
9.416,30.0,30.0,0.0,0.0,0,0,0,0.0,0,0
9.459,30.0,30.0,0.0,0.0,0,0,0,0.0,0,0
9.501,30.0,30.0,0.0,0.0,0,0,0,0.0,0,0
9.541,30.0,30.0,0.0,0.0,0,0,0,0.0,0,0
9.586,30.0,30.0,0.0,0.0,0,0,0,0.0,0,0
9.624,30.0,30.0,0.0,0.0,0,0,0,0.0,0,0
9.667,30.0,30.0,0.0,0.0,0,0,0,0.0,0,0
9.709,30.0,30.0,0.0,0.0,0,0,0,0.0,0,0
9.75,30.0,30.0,0.0,0.0,0,0,0,0.0,0,0
9.791,30.0,30.0,0.0,0.0,0,0,0,0.0,0,0
9.83,30.0,30.0,0.0,0.0,0,0,0,0.0,0,0
9.873,30.0,30.0,0.0,0.0,0,0,0,0.0,0,0
9.916,30.0,30.0,0.0,0.0,0,0,0,0.0,0,0
9.956,30.0,30.0,0.0,0.0,0,0,0,0.0,0,0
10.0,30.0,30.0,0.0,0.0,0,0,0,0.0,0,0
10.04,30.0,30.0,0.0,0.0,0,0,0,0.0,0,0
10.087,30.0,30.0,0.0,0.0,0,0,0,0.0,0,0
10.127,30.0,30.0,0.0,0.0,0,0,0,0.0,0,0
10.167,30.0,30.0,0.0,0.0,0,0,0,0.0,0,0
10.206,30.0,30.0,0.0,0.0,0,0,0,0.0,0,0
10.245,30.0,30.0,0.0,0.0,0,0,0,0.0,0,0
10.291,30.0,30.0,0.0,0.0,0,0,0,0.0,0,0
10.334,30.0,30.0,0.0,0.0,0,0,0,0.0,0,0
10.377,30.0,30.0,0.0,0.0,0,0,0,0.0,0,0
10.416,30.0,30.0,0.0,0.0,0,0,0,0.0,0,0
10.457,30.0,30.0,0.0,0.0,0,0,0,0.0,0,0
10.499,30.0,30.0,0.0,0.0,0,0,0,0.0,0,0
10.543,30.0,30.0,0.0,0.0,0,0,0,0.0,0,0
10.584,30.0,30.0,0.0,0.0,0,0,0,0.0,0,0
10.626,30.0,30.0,0.0,0.0,0,0,0,0.0,0,0
10.668,30.0,30.0,0.0,0.0,0,0,0,0.0,0,0
10.711,30.0,30.0,0.0,0.0,0,0,0,0.0,0,0
10.751,30.0,30.0,0.0,0.0,0,0,0,0.0,0,0
10.793,30.0,30.0,0.0,0.0,0,0,0,0.0,0,0
10.834,30.0,30.0,0.0,0.0,0,0,0,0.0,0,0
10.874,30.0,30.0,0.0,0.0,0,0,0,0.0,0,0
10.916,30.0,30.0,0.0,0.0,0,0,0,0.0,0,0
10.958,30.0,30.0,0.0,0.0,0,0,0,0.0,0,0
11.0,30.0,30.0,0.0,0.0,0,0,0,0.0,0,0
11.04,30.0,30.0,0.0,0.0,0,0,0,0.0,0,0
11.083,30.0,30.0,0.0,0.0,0,0,0,0.0,0,0
11.126,30.0,30.0,0.0,0.0,0,0,0,0.0,0,0
11.172,30.0,30.0,0.0,0.0,0,0,0,0.0,0,0
11.212,30.0,30.0,0.0,0.0,0,0,0,0.0,0,0
11.246,30.0,30.0,0.0,0.0,0,0,0,0.0,0,0
11.291,30.0,30.0,0.0,0.0,0,0,0,0.0,0,0
11.331,30.0,30.0,0.0,0.0,0,0,0,0.0,0,0
11.373,30.0,30.0,0.0,0.0,0,0,0,0.0,0,0
11.422,30.0,30.0,0.0,0.0,0,0,0,0.0,0,0
11.458,30.0,30.0,0.0,0.0,0,0,0,0.0,0,0
11.501,30.0,30.0,0.0,0.0,0,0,0,0.0,0,0
11.542,30.0,30.0,0.0,0.0,0,0,0,0.0,0,0
11.585,30.0,30.0,0.0,0.0,0,0,0,0.0,0,0
11.628,30.0,30.0,0.0,0.0,0,0,0,0.0,0,0
11.668,30.0,30.0,0.0,0.0,0,0,0,0.0,0,0
11.709,30.0,30.0,0.0,0.0,0,0,0,0.0,0,0
11.749,30.0,30.0,0.0,0.0,0,0,0,0.0,0,0
11.794,30.0,30.0,0.0,0.0,0,0,0,0.0,0,0
11.833,30.0,30.0,0.0,0.0,0,0,0,0.0,0,0
11.876,30.0,30.0,0.0,0.0,0,0,0,0.0,0,0
11.917,30.0,30.0,0.0,0.0,0,0,0,0.0,0,0
11.959,30.0,30.0,0.0,0.0,0,0,0,0.0,0,0
11.999,30.0,30.0,0.0,0.0,0,0,0,0.0,0,0
12.042,30.0,30.0,0.0,0.0,0,0,0,0.0,0,0
12.107,30.0,30.0,0.0,0.0,0,0,0,0.0,0,0
12.174,30.0,30.0,0.0,0.0,0,0,0,0.0,0,0
12.211,30.0,30.0,0.0,0.0,0,0,0,0.0,0,0
12.251,30.0,30.0,0.0,0.0,0,0,0,0.0,0,0
12.294,30.0,30.0,0.0,0.0,0,0,0,0.0,0,0
12.336,30.0,30.0,0.0,0.0,0,0,0,0.0,0,0
12.374,30.0,30.0,0.0,0.0,0,0,0,0.0,0,0
12.414,30.0,30.0,0.0,0.0,0,0,0,0.0,0,0
12.455,30.0,30.0,0.0,0.0,0,0,0,0.0,0,0
12.5,30.0,30.0,0.0,0.0,0,0,0,0.0,0,0
12.541,30.0,30.0,0.0,0.0,0,0,0,0.0,0,0
12.582,30.0,30.0,0.0,0.0,0,0,0,0.0,0,0
12.624,30.0,30.0,0.0,0.0,0,0,0,0.0,0,0
12.665,30.0,30.0,0.0,0.0,0,0,0,0.0,0,0
12.707,30.0,30.0,0.0,0.0,0,0,0,0.0,0,0
12.752,30.0,30.0,0.0,0.0,0,0,0,0.0,0,0
12.791,30.0,30.0,0.0,0.0,0,0,0,0.0,0,0
12.834,30.0,30.0,0.0,0.0,0,0,0,0.0,0,0
12.88,30.0,30.0,0.0,0.0,0,0,0,0.0,0,0
12.92,30.0,30.0,0.0,0.0,0,0,0,0.0,0,0
12.955,30.0,30.0,0.0,0.0,0,0,0,0.0,0,0
13.0,30.0,30.0,0.0,0.0,0,0,0,0.0,0,0
13.041,30.0,30.0,0.0,0.0,0,0,0,0.0,0,0
13.084,30.0,30.0,0.0,0.0,0,0,0,0.0,0,0
13.129,30.0,30.0,0.0,0.0,0,0,0,0.0,0,0
13.171,30.0,30.0,0.0,0.0,0,0,0,0.0,0,0
13.207,30.0,30.0,0.0,0.0,0,0,0,0.0,0,0
13.247,30.0,30.0,0.0,0.0,0,0,0,0.0,0,0
13.311,30.0,30.0,0.0,0.0,0,0,0,0.0,0,0
13.371,30.0,30.0,0.0,0.0,0,0,0,0.0,0,0
13.414,30.0,30.0,0.0,0.0,0,0,0,0.0,0,0
13.457,30.0,30.0,0.0,0.0,0,0,0,0.0,0,0
13.501,30.0,30.0,0.0,0.0,0,0,0,0.0,0,0
13.541,30.0,30.0,0.0,0.0,0,0,0,0.0,0,0
13.581,30.0,30.0,0.0,0.0,0,0,0,0.0,0,0
13.624,30.0,30.0,0.0,0.0,0,0,0,0.0,0,0
13.669,30.0,30.0,0.0,0.0,0,0,0,0.0,0,0
13.71,30.0,30.0,0.0,0.0,0,0,0,0.0,0,0
13.753,30.0,30.0,0.0,0.0,0,0,0,0.0,0,0
13.794,30.0,30.0,0.0,0.0,0,0,0,0.0,0,0
13.834,30.0,30.0,0.0,0.0,0,0,0,0.0,0,0
13.875,30.0,30.0,0.0,0.0,0,0,0,0.0,0,0
13.919,30.0,30.0,0.0,0.0,0,0,0,0.0,0,0
13.959,30.0,30.0,0.0,0.0,0,0,0,0.0,0,0
14.002,30.0,30.0,0.0,0.0,0,0,0,0.0,0,0
14.045,30.0,30.0,0.0,0.0,0,0,0,0.0,0,0
14.082,30.0,30.0,0.0,0.0,0,0,0,0.0,0,0
14.129,30.0,30.0,0.0,0.0,0,0,0,0.0,0,0
14.169,30.0,30.0,0.0,0.0,0,0,0,0.0,0,0
14.208,30.0,30.0,0.0,0.0,0,0,0,0.0,0,0
14.253,30.0,30.0,0.0,0.0,0,0,0,0.0,0,0
14.297,30.0,30.0,0.0,0.0,0,0,0,0.0,0,0
14.342,30.0,30.0,0.0,0.0,0,0,0,0.0,0,0
14.382,30.0,30.0,0.0,0.0,0,0,0,0.0,0,0
14.422,30.0,30.0,0.0,0.0,0,0,0,0.0,0,0
14.461,30.0,30.0,0.0,0.0,0,0,0,0.0,0,0
14.5,30.0,30.0,0.0,0.0,0,0,0,0.0,0,0
14.544,30.0,30.0,0.0,0.0,0,0,0,0.0,0,0
14.588,30.0,30.0,0.0,0.0,0,0,0,0.0,0,0
14.629,30.0,30.0,0.0,0.0,0,0,0,0.0,0,0
14.674,30.0,30.0,0.0,0.0,0,0,0,0.0,0,0
14.716,30.0,30.0,0.0,0.0,0,0,0,0.0,0,0
14.752,30.0,30.0,0.0,0.0,0,0,0,0.0,0,0
14.796,30.0,30.0,0.0,0.0,0,0,0,0.0,0,0
14.837,30.0,30.0,0.0,0.0,0,0,0,0.0,0,0
14.88,30.0,30.0,0.0,0.0,0,0,0,0.0,0,0
14.926,30.0,30.0,0.0,0.0,0,0,0,0.0,0,0
14.964,30.0,30.0,0.0,0.0,0,0,0,0.0,0,0
15.003,30.0,30.0,0.0,0.0,0,0,0,0.0,0,0
15.042,30.0,30.0,0.0,0.0,0,0,0,0.0,0,0
15.085,30.0,30.0,0.0,0.0,0,0,0,0.0,0,0
15.128,30.0,30.0,0.0,0.0,0,0,0,0.0,0,0
15.168,30.0,30.0,0.0,0.0,0,0,0,0.0,0,0
15.211,30.0,30.0,0.0,0.0,0,0,0,0.0,0,0
15.251,30.0,30.0,0.0,0.0,0,0,0,0.0,0,0
15.297,30.0,30.0,0.0,0.0,0,0,0,0.0,0,0
15.375,30.0,30.0,0.0,0.0,0,0,0,0.0,0,0
15.429,30.0,30.0,0.0,0.0,0,0,0,0.0,0,0
15.47,30.0,30.0,0.0,0.0,0,0,0,0.0,0,0
15.51,30.0,30.0,0.0,0.0,0,0,0,0.0,0,0
15.551,30.0,30.0,0.0,0.0,0,0,0,0.0,0,0
15.588,30.0,30.0,0.0,0.0,0,0,0,0.0,0,0
15.63,30.0,30.0,0.0,0.0,0,0,0,0.0,0,0
15.668,30.0,30.0,0.0,0.0,0,0,0,0.0,0,0
15.717,30.0,30.0,0.0,0.0,0,0,0,0.0,0,0
15.755,30.0,30.0,0.0,0.0,0,0,0,0.0,0,0
15.799,30.0,30.0,0.0,0.0,0,0,0,0.0,0,0
15.836,30.0,30.0,0.0,0.0,0,0,0,0.0,0,0
15.88,30.0,30.0,0.0,0.0,0,0,0,0.0,0,0
15.925,30.0,30.0,0.0,0.0,0,0,0,0.0,0,0
15.965,30.0,30.0,0.0,0.0,0,0,0,0.0,0,0
16.01,30.0,30.0,0.0,0.0,0,0,0,0.0,0,0
16.051,30.0,30.0,0.0,0.0,0,0,0,0.0,0,0
16.089,30.0,30.0,0.0,0.0,0,0,0,0.0,0,0
16.128,30.0,30.0,0.0,0.0,0,0,0,0.0,0,0
16.171,30.0,30.0,0.0,0.0,0,0,0,0.0,0,0
16.209,30.0,30.0,0.0,0.0,0,0,0,0.0,0,0
16.258,30.0,30.0,0.0,0.0,0,0,0,0.0,0,0
16.302,30.0,30.0,0.0,0.0,0,0,0,0.0,0,0
16.348,30.0,30.0,0.0,0.0,0,0,0,0.0,0,0
16.426,30.0,30.0,0.0,0.0,0,0,0,0.0,0,0
16.468,30.0,30.0,0.0,0.0,0,0,0,0.0,0,0
16.507,30.0,30.0,0.0,0.0,0,0,0,0.0,0,0
16.556,30.0,30.0,0.0,0.0,0,0,0,0.0,0,0
16.594,30.0,30.0,0.0,0.0,0,0,0,0.0,0,0
16.631,30.0,30.0,0.0,0.0,0,0,0,0.0,0,0
16.692,30.0,30.0,0.0,0.0,0,0,0,0.0,0,0
16.766,30.0,30.0,0.0,0.0,0,0,0,0.0,0,0
16.838,30.0,30.0,0.0,0.0,0,0,0,0.0,0,0
16.879,30.0,30.0,0.0,0.0,0,0,0,0.0,0,0
16.922,30.0,30.0,0.0,0.0,0,0,0,0.0,0,0
16.963,30.0,30.0,0.0,0.0,0,0,0,0.0,0,0
17.007,30.0,30.0,0.0,0.0,0,0,0,0.0,0,0
17.048,30.0,30.0,0.0,0.0,0,0,0,0.0,0,0
17.092,30.0,30.0,0.0,0.0,0,0,0,0.0,0,0
17.132,30.0,30.0,0.0,0.0,0,0,0,0.0,0,0
17.171,30.0,30.0,0.0,0.0,0,0,0,0.0,0,0
17.211,30.0,30.0,0.0,0.0,0,0,0,0.0,0,0
17.257,30.0,30.0,0.0,0.0,0,0,0,0.0,0,0
17.304,30.0,30.0,0.0,0.0,0,0,0,0.0,0,0
17.343,30.0,30.0,0.0,0.0,0,0,0,0.0,0,0
17.383,30.0,30.0,0.0,0.0,0,0,0,0.0,0,0
17.427,30.0,30.0,0.0,0.0,0,0,0,0.0,0,0
17.464,30.0,30.0,0.0,0.0,0,0,0,0.0,0,0
17.511,30.0,30.0,0.0,0.0,0,0,0,0.0,0,0
17.546,30.0,30.0,0.0,0.0,0,0,0,0.0,0,0
17.587,30.0,30.0,0.0,0.0,0,0,0,0.0,0,0
17.635,30.0,30.0,0.0,0.0,0,0,0,0.0,0,0
17.674,30.0,30.0,0.0,0.0,0,0,0,0.0,0,0
17.711,30.0,30.0,0.0,0.0,0,0,0,0.0,0,0
17.754,30.0,30.0,0.0,0.0,0,0,0,0.0,0,0
17.806,30.0,30.0,0.0,0.0,0,0,0,0.0,0,0
17.88,30.0,30.0,0.0,0.0,0,0,0,0.0,0,0
17.922,30.0,30.0,0.0,0.0,0,0,0,0.0,0,0
17.961,30.0,30.0,0.0,0.0,0,0,0,0.0,0,0
18.004,30.0,30.0,0.0,0.0,0,0,0,0.0,0,0
18.049,30.0,30.0,0.0,0.0,0,0,0,0.0,0,0
18.092,30.0,30.0,0.0,0.0,0,0,0,0.0,0,0
18.128,30.0,30.0,0.0,0.0,0,0,0,0.0,0,0
18.167,30.0,30.0,0.0,0.0,0,0,0,0.0,0,0
18.209,30.0,30.0,0.0,0.0,0,0,0,0.0,0,0
18.25,30.0,30.0,0.0,0.0,0,0,0,0.0,0,0
18.296,30.0,30.0,0.0,0.0,0,0,0,0.0,0,0
18.342,30.0,30.0,0.0,0.0,0,0,0,0.0,0,0
18.389,30.0,30.0,0.0,0.0,0,0,0,0.0,0,0
18.459,30.0,30.0,0.0,0.0,0,0,0,0.0,0,0
18.503,30.0,30.0,0.0,0.0,0,0,0,0.0,0,0
18.543,30.0,30.0,0.0,0.0,0,0,0,0.0,0,0
18.615,30.0,30.0,0.0,0.0,0,0,0,0.0,0,0
18.682,30.0,30.0,0.0,0.0,0,0,0,0.0,0,0
18.729,30.0,30.0,0.0,0.0,0,0,0,0.0,0,0
18.804,30.0,30.0,0.0,0.0,0,0,0,0.0,0,0
18.843,30.0,30.0,0.0,0.0,0,0,0,0.0,0,0
18.88,30.0,30.0,0.0,0.0,0,0,0,0.0,0,0
18.921,30.0,30.0,0.0,0.0,0,0,0,0.0,0,0
18.967,30.0,30.0,0.0,0.0,0,0,0,0.0,0,0
19.017,30.0,30.0,0.0,0.0,0,0,0,0.0,0,0
19.097,30.0,30.0,0.0,0.0,0,0,0,0.0,0,0
19.138,30.0,30.0,0.0,0.0,0,0,0,0.0,0,0
19.214,30.0,30.0,0.0,0.0,0,0,0,0.0,0,0
19.253,30.0,30.0,0.0,0.0,0,0,0,0.0,0,0
19.296,30.0,30.0,0.0,0.0,0,0,0,0.0,0,0
19.337,30.0,30.0,0.0,0.0,0,0,0,0.0,0,0
19.376,30.0,30.0,0.0,0.0,0,0,0,0.0,0,0
19.419,30.0,30.0,0.0,0.0,0,0,0,0.0,0,0
19.462,30.0,30.0,0.0,0.0,0,0,0,0.0,0,0
19.505,30.0,30.0,0.0,0.0,0,0,0,0.0,0,0
19.542,30.0,30.0,0.0,0.0,0,0,0,0.0,0,0
19.584,30.0,30.0,0.0,0.0,0,0,0,0.0,0,0
19.628,30.0,30.0,0.0,0.0,0,0,0,0.0,0,0
19.668,30.0,30.0,0.0,0.0,0,0,0,0.0,0,0
19.712,30.0,30.0,0.0,0.0,0,0,0,0.0,0,0
19.756,30.0,30.0,0.0,0.0,0,0,0,0.0,0,0
19.795,30.0,30.0,0.0,0.0,0,0,0,0.0,0,0
19.837,30.0,30.0,0.0,0.0,0,0,0,0.0,0,0
19.88,30.0,30.0,0.0,0.0,0,0,0,0.0,0,0
19.926,30.0,30.0,0.0,0.0,0,0,0,0.0,0,0
19.967,30.0,30.0,0.0,0.0,0,0,0,0.0,0,0
20.007,30.0,30.0,0.0,0.0,0,0,0,0.0,0,0
20.047,30.0,30.0,0.0,0.0,0,0,0,0.0,0,0
20.086,30.0,30.0,0.0,0.0,0,0,0,0.0,0,0
20.131,30.0,30.0,0.0,0.0,0,0,0,0.0,0,0
20.172,30.0,30.0,0.0,0.0,0,0,0,0.0,0,0
20.218,30.0,30.0,0.0,0.0,0,0,0,0.0,0,0
20.261,30.0,30.0,0.0,0.0,0,40,0,0.822,0,0
20.298,30.0,30.0,0.0,0.0,0,40,0,0.82,0,0
20.338,30.0,30.0,0.0,0.0,0,0,0,0.0,0,0
20.379,30.0,30.0,0.0,0.0,0,0,0,0.0,0,0
20.422,30.0,30.0,0.0,0.0,0,40,0,0.69,0,0
20.467,30.0,30.0,0.0,0.0,0,0,0,0.0,0,0
20.513,30.0,30.0,0.0,0.0,0,0,0,0.0,0,0
20.55,30.0,30.0,0.0,0.0,0,0,0,0.0,0,0
20.594,30.0,30.0,0.0,0.0,0,0,0,0.0,0,0
20.669,30.0,30.0,0.0,0.0,0,0,0,0.0,0,0
20.732,30.0,30.0,0.0,0.0,0,40,0,0.797,0,0
20.808,30.0,30.0,0.0,0.0,0,0,0,0.0,0,0
20.859,30.0,30.0,0.0,0.0,0,0,0,0.0,0,0
20.922,30.0,30.0,0.0,0.0,0,0,0,0.0,0,0
20.965,30.0,30.0,0.0,0.0,0,40,0,0.725,0,0
21.005,30.0,30.0,0.0,0.0,0,0,0,0.0,0,0
21.051,30.0,30.0,0.0,0.0,0,0,0,0.0,0,0
21.092,30.0,30.0,0.0,0.0,0,0,0,0.0,0,0
21.133,30.0,30.0,0.0,0.0,0,0,0,0.0,0,0
21.172,30.0,30.0,0.0,0.0,0,0,0,0.0,0,0
21.21,30.0,30.0,0.0,0.0,0,40,0,0.609,0,0
21.256,30.0,30.0,0.0,0.0,0,0,0,0.0,0,0
21.292,30.0,30.0,0.0,0.0,0,0,0,0.0,0,0
21.331,30.0,30.0,0.0,0.0,0,0,0,0.0,0,0
21.377,30.0,30.0,0.0,0.0,0,0,0,0.0,0,0
21.443,30.0,30.0,0.0,0.0,0,0,0,0.0,0,0
21.478,30.0,30.0,0.0,0.0,0,0,0,0.0,0,0
21.514,30.0,30.0,0.0,0.0,0,0,0,0.0,0,0
21.555,30.0,30.0,0.0,0.0,0,0,0,0.0,0,0
21.62,30.0,30.0,0.0,0.0,0,0,0,0.0,0,0
21.656,30.0,30.0,0.0,0.0,0,0,0,0.0,0,0
21.687,30.0,30.0,0.0,0.0,0,0,0,0.0,0,0
21.724,30.0,30.0,0.0,0.0,0,40,0,0.736,0,0
21.759,30.0,30.0,0.0,0.0,0,0,0,0.0,0,0
21.824,30.0,30.0,0.0,0.0,0,0,0,0.0,0,0
21.858,30.0,30.0,0.0,0.0,0,40,0,0.662,0,0
21.889,30.0,30.0,0.0,0.0,0,40,0,0.631,0,0
21.929,30.0,30.0,0.0,0.0,0,40,40,0.61,0,0
21.988,30.0,30.0,0.0,0.0,0,0,0,0.0,0,0
22.024,30.0,30.0,0.0,0.0,0,0,0,0.0,0,0
22.058,30.0,30.0,0.0,0.0,0,0,0,0.0,0,0
22.09,30.0,30.0,0.0,0.0,0,0,0,0.0,0,0
22.131,30.0,30.0,0.0,0.0,0,0,0,0.0,0,0
22.189,30.0,30.0,0.0,0.0,0,0,0,0.0,0,0
22.225,30.0,30.0,0.0,0.0,0,0,0,0.0,0,0
22.26,30.0,30.0,0.0,0.0,0,0,0,0.0,0,0
22.293,30.0,30.0,0.0,0.0,0,0,0,0.0,0,0
22.324,30.0,30.0,0.0,0.0,0,0,0,0.0,0,0
22.358,30.0,30.0,0.0,0.0,0,0,0,0.0,0,0
22.389,30.0,30.0,0.0,0.0,0,0,0,0.0,0,0
22.425,30.0,30.0,0.0,0.0,0,0,0,0.0,0,0
22.461,30.0,30.0,0.0,0.0,0,40,0,0.639,0,0
22.496,30.0,30.0,0.0,0.0,0,40,0,0.639,0,0
22.525,30.0,30.0,0.0,0.0,0,0,0,0.0,0,0
22.558,30.0,30.0,0.0,0.0,0,0,0,0.0,0,0
22.591,30.0,30.0,0.0,0.0,0,0,0,0.0,0,0
22.629,30.0,30.0,0.0,0.0,0,0,0,0.0,0,0
22.659,30.0,30.0,0.0,0.0,0,0,0,0.0,0,0
22.726,30.0,30.0,0.0,0.0,0,0,0,0.0,0,0
22.763,30.0,30.0,0.0,0.0,0,0,0,0.0,0,0
22.794,30.0,30.0,0.0,0.0,0,0,0,0.0,0,0
22.826,30.0,30.0,0.0,0.0,0,0,0,0.0,0,0
22.857,30.0,30.0,0.0,0.0,0,0,0,0.0,0,0
22.889,30.0,30.0,0.0,0.0,0,0,0,0.0,0,0
22.929,30.0,30.0,0.0,0.0,0,0,0,0.0,0,0
22.963,30.0,30.0,0.0,0.0,0,0,0,0.0,0,0
23.031,30.0,30.0,0.0,0.0,0,0,0,0.0,0,0
23.093,30.0,30.0,0.0,0.0,0,0,0,0.0,0,0
23.129,30.0,30.0,0.0,0.0,0,0,0,0.0,0,0
23.163,30.0,30.0,0.0,0.0,0,0,0,0.0,0,0
23.226,30.0,30.0,0.0,0.0,0,0,0,0.0,0,0
23.258,30.0,30.0,0.0,0.0,0,0,0,0.0,0,0
23.293,30.0,30.0,0.0,0.0,0,0,0,0.0,0,0
23.327,30.0,30.0,0.0,0.0,0,0,0,0.0,0,0
23.368,30.0,30.0,0.0,0.0,0,0,0,0.0,0,0
23.429,30.0,30.0,0.0,0.0,0,0,0,0.0,0,0
23.462,30.0,30.0,0.0,0.0,0,0,0,0.0,0,0
23.495,30.0,30.0,0.0,0.0,0,0,0,0.0,0,0
23.526,30.0,30.0,0.0,0.0,0,0,0,0.0,0,0
23.591,30.0,30.0,0.0,0.0,0,0,0,0.0,0,0
23.627,30.0,30.0,0.0,0.0,0,0,0,0.0,0,0
23.662,30.0,30.0,0.0,0.0,0,0,0,0.0,0,0
23.695,30.0,30.0,0.0,0.0,0,0,0,0.0,0,0
23.727,30.0,30.0,0.0,0.0,0,0,0,0.0,0,0
23.79,30.0,30.0,0.0,0.0,0,0,0,0.0,0,0
23.828,30.0,30.0,0.0,0.0,0,0,0,0.0,0,0
23.863,30.0,30.0,0.0,0.0,0,0,0,0.0,0,0
23.926,30.0,30.0,0.0,0.0,0,0,0,0.0,0,0
23.96,30.0,30.0,0.0,0.0,0,0,0,0.0,0,0
23.992,30.0,30.0,0.0,0.0,0,0,0,0.0,0,0
24.029,30.0,30.0,0.0,0.0,0,0,0,0.0,0,0
24.059,30.0,30.0,0.0,0.0,0,0,0,0.0,0,0
24.091,30.0,30.0,0.0,0.0,0,0,0,0.0,0,0
24.127,30.0,30.0,0.0,0.0,0,0,0,0.0,0,0
24.161,30.0,30.0,0.0,0.0,0,0,0,0.0,0,0
24.195,30.0,30.0,0.0,0.0,0,0,0,0.0,0,0
24.228,30.0,30.0,0.0,0.0,0,0,0,0.0,0,0
24.257,30.0,30.0,0.0,0.0,0,0,0,0.0,0,0
24.29,30.0,30.0,0.0,0.0,0,0,0,0.0,0,0
24.329,30.0,30.0,0.0,0.0,0,0,0,0.0,0,0
24.359,30.0,30.0,0.0,0.0,0,40,0,0.606,0,0
24.425,30.0,30.0,0.0,0.0,0,0,0,0.0,0,0
24.459,30.0,30.0,0.0,0.0,0,0,0,0.0,0,0
24.494,30.0,30.0,0.0,0.0,0,0,0,0.0,0,0
24.527,30.0,30.0,0.0,0.0,0,0,0,0.0,0,0
24.56,30.0,30.0,0.0,0.0,0,0,0,0.0,0,0
24.627,30.0,30.0,0.0,0.0,0,0,0,0.0,0,0
24.661,30.0,30.0,0.0,0.0,0,0,0,0.0,0,0
24.693,30.0,30.0,0.0,0.0,0,0,0,0.0,0,0
24.731,30.0,30.0,0.0,0.0,0,0,0,0.0,0,0
24.76,30.0,30.0,0.0,0.0,0,0,0,0.0,0,0
24.795,30.0,30.0,0.0,0.0,0,0,0,0.0,0,0
24.831,30.0,30.0,0.0,0.0,0,0,0,0.0,0,0
24.862,30.0,30.0,0.0,0.0,0,0,0,0.0,0,0
24.892,30.0,30.0,0.0,0.0,0,0,0,0.0,0,0
24.925,30.0,30.0,0.0,0.0,0,0,0,0.0,0,0
24.959,30.0,30.0,0.0,0.0,0,0,0,0.0,0,0
24.989,30.0,30.0,0.0,0.0,0,40,0,0.624,0,0
25.028,30.0,30.0,0.0,0.0,0,40,0,0.695,0,0
25.063,30.0,30.0,0.0,0.0,0,40,40,0.689,0,0
25.097,30.0,30.0,0.0,0.0,0,0,0,0.0,0,0
25.129,30.0,30.0,0.0,0.0,0,0,0,0.0,0,0
25.173,30.0,30.0,0.0,0.0,0,40,0,0.618,0,0
25.225,30.0,30.0,0.0,0.0,0,0,0,0.0,0,0
25.258,30.0,30.0,0.0,0.0,0,0,0,0.0,0,0
25.294,30.0,30.0,0.0,0.0,0,0,0,0.0,0,0
25.329,30.0,30.0,0.0,0.0,0,0,0,0.0,0,0
25.361,30.0,30.0,0.0,0.0,0,0,0,0.0,0,0
25.393,30.0,30.0,0.0,0.0,0,0,0,0.0,0,0
25.43,30.0,30.0,0.0,0.0,0,0,0,0.0,0,0
25.491,30.0,30.0,0.0,0.0,0,0,0,0.0,0,0
25.53,30.0,30.0,0.0,0.0,0,0,0,0.0,0,0
25.566,30.0,30.0,0.0,0.0,0,0,0,0.0,0,0
25.596,30.0,30.0,0.0,0.0,0,40,0,0.655,0,0
25.632,30.0,30.0,0.0,0.0,0,40,0,0.734,0,0
25.692,30.0,30.0,0.0,0.0,0,0,0,0.0,0,0
25.729,30.0,30.0,0.0,0.0,0,0,0,0.0,0,0
25.765,30.0,30.0,0.0,0.0,0,0,0,0.0,0,0
25.797,30.0,30.0,0.0,0.0,0,0,0,0.0,0,0
25.828,30.0,30.0,0.0,0.0,0,0,0,0.0,0,0
25.859,30.0,30.0,0.0,0.0,0,0,0,0.0,0,0
25.889,30.0,30.0,0.0,0.0,0,0,0,0.0,0,0
25.928,30.0,30.0,0.0,0.0,0,0,0,0.0,0,0
25.963,30.0,30.0,0.0,0.0,0,0,0,0.0,0,0
25.996,30.0,30.0,0.0,0.0,0,0,0,0.0,0,0
26.057,30.0,30.0,0.0,0.0,0,0,0,0.0,0,0
26.093,30.0,30.0,0.0,0.0,0,0,0,0.0,0,0
26.131,30.0,30.0,0.0,0.0,0,0,0,0.0,0,0
26.166,30.0,30.0,0.0,0.0,0,0,0,0.0,0,0
26.238,30.0,30.0,0.0,0.0,0,0,0,0.0,0,0
26.295,30.0,30.0,0.0,0.0,0,0,0,0.0,0,0
26.324,30.0,30.0,0.0,0.0,0,0,0,0.0,0,0
26.357,30.0,30.0,0.0,0.0,0,0,0,0.0,0,0
26.389,30.0,30.0,0.0,0.0,0,0,0,0.0,0,0
26.43,30.0,30.0,0.0,0.0,0,0,0,0.0,0,0
26.462,30.0,30.0,0.0,0.0,0,0,0,0.0,0,0
26.497,30.0,30.0,0.0,0.0,0,0,0,0.0,0,0
26.532,30.0,30.0,0.0,0.0,0,0,0,0.0,0,0
26.564,30.0,30.0,0.0,0.0,0,0,0,0.0,0,0
26.596,30.0,30.0,0.0,0.0,0,0,0,0.0,0,0
26.631,30.0,30.0,0.0,0.0,0,0,0,0.0,0,0
26.664,30.0,30.0,0.0,0.0,0,0,0,0.0,0,0
26.698,30.0,30.0,0.0,0.0,0,0,0,0.0,0,0
26.731,30.0,30.0,0.0,0.0,0,0,0,0.0,0,0
26.763,30.0,30.0,0.0,0.0,0,0,0,0.0,0,0
26.799,30.0,30.0,0.0,0.0,0,0,0,0.0,0,0
26.86,30.0,30.0,0.0,0.0,0,0,0,0.0,0,0
26.895,30.0,30.0,0.0,0.0,0,0,0,0.0,0,0
26.929,30.0,30.0,0.0,0.0,0,40,0,0.802,0,0
26.961,30.0,30.0,0.0,0.0,0,0,0,0.0,0,0
26.993,30.0,30.0,0.0,0.0,0,0,0,0.0,0,0
27.026,30.0,30.0,0.0,0.0,0,40,0,0.633,0,0
27.062,30.0,30.0,0.0,0.0,0,0,0,0.0,0,0
27.099,30.0,30.0,0.0,0.0,0,0,0,0.0,0,0
27.161,30.0,30.0,0.0,0.0,0,0,0,0.0,0,0
27.191,30.0,30.0,0.0,0.0,0,0,0,0.0,0,0
27.229,30.0,30.0,0.0,0.0,0,0,0,0.0,0,0
27.262,30.0,30.0,0.0,0.0,0,0,0,0.0,0,0
27.295,30.0,30.0,0.0,0.0,0,0,0,0.0,0,0
27.361,30.0,30.0,0.0,0.0,0,0,0,0.0,0,0
27.397,30.0,30.0,0.0,0.0,0,0,0,0.0,0,0
27.431,30.0,30.0,0.0,0.0,0,0,0,0.0,0,0
27.497,30.0,30.0,0.0,0.0,0,0,0,0.0,0,0
27.563,30.0,30.0,0.0,0.0,0,0,0,0.0,0,0
27.596,30.0,30.0,0.0,0.0,0,0,0,0.0,0,0
27.629,30.0,30.0,0.0,0.0,0,0,0,0.0,0,0
27.66,30.0,30.0,0.0,0.0,0,0,0,0.0,0,0
27.691,30.0,30.0,0.0,0.0,0,0,0,0.0,0,0
27.724,30.0,30.0,0.0,0.0,0,0,0,0.0,0,0
27.764,30.0,30.0,0.0,0.0,0,0,0,0.0,0,0
27.796,30.0,30.0,0.0,0.0,0,0,0,0.0,0,0
27.828,30.0,30.0,0.0,0.0,0,0,0,0.0,0,0
27.861,30.0,30.0,0.0,0.0,0,0,0,0.0,0,0
27.893,30.0,30.0,0.0,0.0,0,0,0,0.0,0,0
27.924,30.0,30.0,0.0,0.0,0,0,0,0.0,0,0
27.966,30.0,30.0,0.0,0.0,0,0,0,0.0,0,0
28.024,30.0,30.0,0.0,0.0,0,0,0,0.0,0,0
28.06,30.0,30.0,0.0,0.0,0,0,0,0.0,0,0
28.097,30.0,30.0,0.0,0.0,0,0,0,0.0,0,0
28.165,30.0,30.0,0.0,0.0,0,0,0,0.0,0,0
28.197,30.0,30.0,0.0,0.0,0,0,0,0.0,0,0
28.228,30.0,30.0,0.0,0.0,0,0,0,0.0,0,0
28.261,30.0,30.0,0.0,0.0,0,0,0,0.0,0,0
28.292,30.0,30.0,0.0,0.0,0,0,0,0.0,0,0
28.326,30.0,30.0,0.0,0.0,0,0,0,0.0,0,0
28.432,30.0,30.0,0.0,0.0,0,0,0,0.0,0,0
28.469,30.0,30.0,0.0,0.0,0,0,0,0.0,0,0
28.526,30.0,30.0,0.0,0.0,0,0,0,0.0,0,0
28.565,30.0,30.0,0.0,0.0,0,0,0,0.0,0,0
28.6,30.0,30.0,0.0,0.0,0,0,0,0.0,0,0
28.661,30.0,30.0,0.0,0.0,0,0,0,0.0,0,0
28.723,30.0,30.0,0.0,0.0,0,0,0,0.0,0,0
28.763,30.0,30.0,0.0,0.0,0,0,0,0.0,0,0
28.795,30.0,30.0,0.0,0.0,0,0,0,0.0,0,0
28.86,30.0,30.0,0.0,0.0,0,0,0,0.0,0,0
28.894,30.0,30.0,0.0,0.0,0,0,0,0.0,0,0
28.927,30.0,30.0,0.0,0.0,0,0,0,0.0,0,0
28.965,30.0,30.0,0.0,0.0,0,0,0,0.0,0,0
29.01,30.0,30.0,0.0,0.0,0,0,0,0.0,0,0
29.061,30.0,30.0,0.0,0.0,0,0,0,0.0,0,0
29.09,30.0,30.0,0.0,0.0,0,0,0,0.0,0,0
29.125,30.0,30.0,0.0,0.0,0,0,0,0.0,0,0
29.165,30.0,30.0,0.0,0.0,0,0,0,0.0,0,0
29.227,30.0,30.0,0.0,0.0,0,0,0,0.0,0,0
29.258,30.0,30.0,0.0,0.0,0,0,0,0.0,0,0
29.296,30.0,30.0,0.0,0.0,0,0,0,0.0,0,0
29.326,30.0,30.0,0.0,0.0,0,0,0,0.0,0,0
29.362,30.0,30.0,0.0,0.0,0,0,0,0.0,0,0
29.399,30.0,30.0,0.0,0.0,0,0,0,0.0,0,0
29.461,30.0,30.0,0.0,0.0,0,0,0,0.0,0,0
29.495,30.0,30.0,0.0,0.0,0,0,0,0.0,0,0
29.53,30.0,30.0,0.0,0.0,0,0,0,0.0,0,0
29.591,30.0,30.0,0.0,0.0,0,0,0,0.0,0,0
29.626,30.0,30.0,0.0,0.0,0,0,0,0.0,0,0
29.663,30.0,30.0,0.0,0.0,0,0,0,0.0,0,0
29.694,30.0,30.0,0.0,0.0,0,0,0,0.0,0,0
29.727,30.0,30.0,0.0,0.0,0,0,0,0.0,0,0
29.761,30.0,30.0,0.0,0.0,0,0,0,0.0,0,0
29.795,30.0,30.0,0.0,0.0,0,0,0,0.0,0,0
29.83,30.0,30.0,0.0,0.0,0,0,0,0.0,0,0
29.863,30.0,30.0,0.0,0.0,0,0,0,0.0,0,0
29.894,30.0,30.0,0.0,0.0,0,0,0,0.0,0,0
29.924,30.0,30.0,0.0,0.0,0,0,0,0.0,0,0
29.959,30.0,30.0,0.0,0.0,0,0,0,0.0,0,0
29.997,30.0,30.0,0.0,0.0,0,0,0,0.0,0,0
30.063,30.0,30.0,0.0,0.0,0,0,0,0.0,0,0
30.103,30.0,30.0,0.0,0.0,0,0,0,0.0,0,0
30.164,30.0,30.0,0.0,0.0,0,0,0,0.0,0,0
30.2,30.0,30.0,0.0,0.0,0,0,0,0.0,0,0
30.264,30.0,30.0,0.0,0.0,0,0,0,0.0,0,0
30.296,30.0,30.0,0.0,0.0,0,0,0,0.0,0,0
30.374,30.0,30.0,0.0,0.0,0,0,0,0.0,0,0
30.427,30.0,30.0,0.0,0.0,0,0,0,0.0,0,0
30.46,30.0,30.0,0.0,0.0,0,0,0,0.0,0,0
30.493,30.0,30.0,0.0,0.0,0,0,0,0.0,0,0
30.526,30.0,30.0,0.0,0.0,0,0,0,0.0,0,0
30.563,30.0,30.0,0.0,0.0,0,0,0,0.0,0,0
30.623,30.0,30.0,0.0,0.0,0,0,0,0.0,0,0
30.659,30.0,30.0,0.0,0.0,0,0,0,0.0,0,0
30.692,30.0,30.0,0.0,0.0,0,0,0,0.0,0,0
30.724,30.0,30.0,0.0,0.0,0,0,0,0.0,0,0
30.764,30.0,30.0,0.0,0.0,0,0,0,0.0,0,0
30.799,30.0,30.0,0.0,0.0,0,0,0,0.0,0,0
30.865,30.0,30.0,0.0,0.0,0,0,0,0.0,0,0
30.896,30.0,30.0,0.0,0.0,0,0,0,0.0,0,0
30.962,30.0,30.0,0.0,0.0,0,0,0,0.0,0,0
31.0,30.0,30.0,0.0,0.0,0,0,0,0.0,0,0
31.034,30.0,30.0,0.0,0.0,0,0,0,0.0,0,0
31.104,30.0,30.0,0.0,0.0,0,0,0,0.0,0,0
31.133,30.0,30.0,0.0,0.0,0,0,0,0.0,0,0
31.174,30.0,30.0,0.0,0.0,0,0,0,0.0,0,0
31.214,30.0,30.0,0.0,0.0,0,0,0,0.0,0,0
31.244,30.0,30.0,0.0,0.0,0,0,0,0.0,0,0
31.283,30.0,30.0,0.0,0.0,0,0,0,0.0,0,0
31.319,30.0,30.0,0.0,0.0,0,0,0,0.0,0,0
31.359,30.0,30.0,0.0,0.0,0,0,0,0.0,0,0
31.396,30.0,30.0,0.0,0.0,0,0,0,0.0,0,0
31.431,30.0,30.0,0.0,0.0,0,0,0,0.0,0,0
31.476,30.0,30.0,0.0,0.0,0,0,0,0.0,0,0
31.508,30.0,30.0,0.0,0.0,0,0,0,0.0,0,0
31.548,30.0,30.0,0.0,0.0,0,0,0,0.0,0,0
31.588,30.0,30.0,0.0,0.0,0,0,0,0.0,0,0
31.624,30.0,30.0,0.0,0.0,0,0,0,0.0,0,0
31.666,30.0,30.0,0.0,0.0,0,40,0,0.709,0,0
31.733,30.0,30.0,0.0,0.0,0,0,0,0.0,0,0
31.774,30.0,30.0,0.0,0.0,0,0,0,0.0,0,0
31.814,30.0,30.0,0.0,0.0,0,0,0,0.0,0,0
31.852,30.0,30.0,0.0,0.0,0,0,0,0.0,0,0
31.885,30.0,30.0,0.0,0.0,0,0,0,0.0,0,0
31.915,30.0,30.0,0.0,0.0,0,0,0,0.0,0,0
31.955,30.0,30.0,0.0,0.0,0,0,0,0.0,0,0
31.989,30.0,30.0,0.0,0.0,0,40,0,0.638,0,0
32.023,30.0,30.0,0.0,0.0,0,0,0,0.0,0,0
32.059,30.0,30.0,0.0,0.0,0,0,0,0.0,0,0
32.097,30.0,30.0,0.0,0.0,0,0,0,0.0,0,0
32.16,30.0,30.0,0.0,0.0,0,0,0,0.0,0,0
32.196,30.0,30.0,0.0,0.0,0,0,0,0.0,0,0
32.23,30.0,30.0,0.0,0.0,0,0,0,0.0,0,0
32.267,30.0,30.0,0.0,0.0,0,0,0,0.0,0,0
32.3,30.0,30.0,0.0,0.0,0,0,0,0.0,0,0
32.364,30.0,30.0,0.0,0.0,0,0,0,0.0,0,0
32.399,30.0,30.0,0.0,0.0,0,0,0,0.0,0,0
32.432,30.0,30.0,0.0,0.0,0,0,0,0.0,0,0
32.471,30.0,30.0,0.0,0.0,0,0,0,0.0,0,0
32.502,30.0,30.0,0.0,0.0,0,0,0,0.0,0,0
32.565,30.0,30.0,0.0,0.0,0,0,0,0.0,0,0
32.604,30.0,30.0,0.0,0.0,0,0,0,0.0,0,0
32.637,30.0,30.0,0.0,0.0,0,0,0,0.0,0,0
32.669,30.0,30.0,0.0,0.0,0,0,0,0.0,0,0
32.701,30.0,30.0,0.0,0.0,0,0,0,0.0,0,0
32.731,30.0,30.0,0.0,0.0,0,0,0,0.0,0,0
32.773,30.0,30.0,0.0,0.0,0,0,0,0.0,0,0
32.805,30.0,30.0,0.0,0.0,0,0,0,0.0,0,0
32.836,30.0,30.0,0.0,0.0,0,0,0,0.0,0,0
32.876,30.0,30.0,0.0,0.0,0,0,0,0.0,0,0
32.935,30.0,30.0,0.0,0.0,0,0,0,0.0,0,0
32.973,30.0,30.0,0.0,0.0,0,0,0,0.0,0,0
33.006,30.0,30.0,0.0,0.0,0,0,0,0.0,0,0
33.04,30.0,30.0,0.0,0.0,0,0,0,0.0,0,0
33.072,30.0,30.0,0.0,0.0,0,0,0,0.0,0,0
33.105,30.0,30.0,0.0,0.0,0,0,0,0.0,0,0
33.141,30.0,30.0,0.0,0.0,0,0,0,0.0,0,0
33.177,30.0,30.0,0.0,0.0,0,0,0,0.0,0,0
33.238,30.0,30.0,0.0,0.0,0,0,0,0.0,0,0
33.274,30.0,30.0,0.0,0.0,0,0,0,0.0,0,0
33.339,30.0,30.0,0.0,0.0,0,0,0,0.0,0,0
33.377,30.0,30.0,0.0,0.0,0,0,0,0.0,0,0
33.442,30.0,30.0,0.0,0.0,0,0,0,0.0,0,0
33.478,30.0,30.0,0.0,0.0,0,0,0,0.0,0,0
33.513,30.0,30.0,0.0,0.0,0,0,0,0.0,0,0
33.544,30.0,30.0,0.0,0.0,0,0,0,0.0,0,0
33.578,30.0,30.0,0.0,0.0,0,0,0,0.0,0,0
33.613,30.0,30.0,0.0,0.0,0,0,0,0.0,0,0
33.683,30.0,30.0,0.0,0.0,0,0,0,0.0,0,0
33.715,30.0,30.0,0.0,0.0,0,0,0,0.0,0,0
33.747,30.0,30.0,0.0,0.0,0,0,0,0.0,0,0
33.782,30.0,30.0,0.0,0.0,0,0,0,0.0,0,0
33.846,30.0,30.0,0.0,0.0,0,0,0,0.0,0,0
33.881,30.0,30.0,0.0,0.0,0,0,0,0.0,0,0
33.916,30.0,30.0,0.0,0.0,0,0,0,0.0,0,0
33.949,30.0,30.0,0.0,0.0,0,0,0,0.0,0,0
33.983,30.0,30.0,0.0,0.0,0,0,0,0.0,0,0
34.02,30.0,30.0,0.0,0.0,0,0,0,0.0,0,0
34.051,30.0,30.0,0.0,0.0,0,0,0,0.0,0,0
34.081,30.0,30.0,0.0,0.0,0,0,0,0.0,0,0
34.115,30.0,30.0,0.0,0.0,0,0,0,0.0,0,0
34.15,30.0,30.0,0.0,0.0,0,0,0,0.0,0,0
34.187,30.0,30.0,0.0,0.0,0,0,0,0.0,0,0
34.222,30.0,30.0,0.0,0.0,0,0,0,0.0,0,0
34.285,30.0,30.0,0.0,0.0,0,0,0,0.0,0,0
34.317,30.0,30.0,0.0,0.0,0,0,0,0.0,0,0
34.355,30.0,30.0,0.0,0.0,0,0,0,0.0,0,0
34.422,30.0,30.0,0.0,0.0,0,0,0,0.0,0,0
34.488,30.0,30.0,0.0,0.0,0,0,0,0.0,0,0
34.522,30.0,30.0,0.0,0.0,0,0,0,0.0,0,0
34.557,30.0,30.0,0.0,0.0,0,0,0,0.0,0,0
34.589,30.0,30.0,0.0,0.0,0,0,0,0.0,0,0
34.623,30.0,30.0,0.0,0.0,0,0,0,0.0,0,0
34.656,30.0,30.0,0.0,0.0,0,0,0,0.0,0,0
34.691,30.0,30.0,0.0,0.0,0,0,0,0.0,0,0
34.727,30.0,30.0,0.0,0.0,0,0,0,0.0,0,0
34.787,30.0,30.0,0.0,0.0,0,0,0,0.0,0,0
34.82,30.0,30.0,0.0,0.0,0,0,0,0.0,0,0
34.855,30.0,30.0,0.0,0.0,0,0,0,0.0,0,0
34.89,30.0,30.0,0.0,0.0,0,0,0,0.0,0,0
34.922,30.0,30.0,0.0,0.0,0,0,0,0.0,0,0
34.955,30.0,30.0,0.0,0.0,0,0,0,0.0,0,0
34.989,30.0,30.0,0.0,0.0,0,0,0,0.0,0,0
35.025,30.0,30.0,0.0,0.0,0,0,0,0.0,0,0
35.056,30.0,30.0,0.0,0.0,0,0,0,0.0,0,0
35.088,30.0,30.0,0.0,0.0,0,0,0,0.0,0,0
35.124,30.0,30.0,0.0,0.0,0,0,0,0.0,0,0
35.155,30.0,30.0,0.0,0.0,0,0,0,0.0,0,0
35.19,30.0,30.0,0.0,0.0,0,0,0,0.0,0,0
35.222,30.0,30.0,0.0,0.0,0,0,0,0.0,0,0
35.256,30.0,30.0,0.0,0.0,0,0,0,0.0,0,0
35.29,30.0,30.0,0.0,0.0,0,0,0,0.0,0,0
35.327,30.0,30.0,0.0,0.0,0,0,0,0.0,0,0
35.388,30.0,30.0,0.0,0.0,0,0,0,0.0,0,0
35.42,30.0,30.0,0.0,0.0,0,0,0,0.0,0,0
35.452,30.0,30.0,0.0,0.0,0,0,0,0.0,0,0
35.489,30.0,30.0,0.0,0.0,0,0,0,0.0,0,0
35.523,30.0,30.0,0.0,0.0,0,0,0,0.0,0,0
35.557,30.0,30.0,0.0,0.0,0,0,0,0.0,0,0
35.589,30.0,30.0,0.0,0.0,0,0,0,0.0,0,0
35.624,30.0,30.0,0.0,0.0,0,0,0,0.0,0,0
35.655,30.0,30.0,0.0,0.0,0,0,0,0.0,0,0
35.689,30.0,30.0,0.0,0.0,0,0,0,0.0,0,0
35.724,30.0,30.0,0.0,0.0,0,0,0,0.0,0,0
35.756,30.0,30.0,0.0,0.0,0,0,0,0.0,0,0
35.793,30.0,30.0,0.0,0.0,0,0,0,0.0,0,0
35.825,30.0,30.0,0.0,0.0,0,0,0,0.0,0,0
35.888,30.0,30.0,0.0,0.0,0,0,0,0.0,0,0
35.923,30.0,30.0,0.0,0.0,0,0,0,0.0,0,0
35.953,30.0,30.0,0.0,0.0,0,0,0,0.0,0,0
35.989,30.0,30.0,0.0,0.0,0,0,0,0.0,0,0
36.02,30.0,30.0,0.0,0.0,0,0,0,0.0,0,0
36.056,30.0,30.0,0.0,0.0,0,40,0,0.608,0,0
36.089,30.0,30.0,0.0,0.0,0,0,0,0.0,0,0
36.121,30.0,30.0,0.0,0.0,0,0,0,0.0,0,0
36.154,30.0,30.0,0.0,0.0,0,0,0,0.0,0,0
36.19,30.0,30.0,0.0,0.0,0,0,0,0.0,0,0
36.223,30.0,30.0,0.0,0.0,0,0,0,0.0,0,0
36.289,30.0,30.0,0.0,0.0,0,0,0,0.0,0,0
36.318,30.0,30.0,0.0,0.0,0,0,0,0.0,0,0
36.353,30.0,30.0,0.0,0.0,0,0,0,0.0,0,0
36.387,30.0,30.0,0.0,0.0,0,0,0,0.0,0,0
36.421,30.0,30.0,0.0,0.0,0,0,0,0.0,0,0
36.454,30.0,30.0,0.0,0.0,0,0,0,0.0,0,0
36.486,30.0,30.0,0.0,0.0,0,0,0,0.0,0,0
36.517,30.0,30.0,0.0,0.0,0,0,0,0.0,0,0
36.554,30.0,30.0,0.0,0.0,0,0,0,0.0,0,0
36.586,30.0,30.0,0.0,0.0,0,0,0,0.0,0,0
36.62,30.0,30.0,0.0,0.0,0,0,0,0.0,0,0
36.652,30.0,30.0,0.0,0.0,0,0,0,0.0,0,0
36.688,30.0,30.0,0.0,0.0,0,0,0,0.0,0,0
36.721,30.0,30.0,0.0,0.0,0,0,0,0.0,0,0
36.756,30.0,30.0,0.0,0.0,0,0,0,0.0,0,0
36.787,30.0,30.0,0.0,0.0,0,0,0,0.0,0,0
36.821,30.0,30.0,0.0,0.0,0,0,0,0.0,0,0
36.856,30.0,30.0,0.0,0.0,0,0,0,0.0,0,0
36.889,30.0,30.0,0.0,0.0,0,0,0,0.0,0,0
36.923,30.0,30.0,0.0,0.0,0,0,0,0.0,0,0
36.955,30.0,30.0,0.0,0.0,0,0,0,0.0,0,0
36.99,30.0,30.0,0.0,0.0,0,0,0,0.0,0,0
37.022,30.0,30.0,0.0,0.0,0,0,0,0.0,0,0
37.056,30.0,30.0,0.0,0.0,0,0,0,0.0,0,0
37.092,30.0,30.0,0.0,0.0,0,0,0,0.0,0,0
37.128,30.0,30.0,0.0,0.0,0,0,0,0.0,0,0
37.16,30.0,30.0,0.0,0.0,0,0,0,0.0,0,0
37.226,30.0,30.0,0.0,0.0,0,0,0,0.0,0,0
37.259,30.0,30.0,0.0,0.0,0,0,0,0.0,0,0
37.293,30.0,30.0,0.0,0.0,0,0,0,0.0,0,0
37.358,30.0,30.0,0.0,0.0,0,0,0,0.0,0,0
37.389,30.0,30.0,0.0,0.0,0,0,0,0.0,0,0
37.432,30.0,30.0,0.0,0.0,0,0,0,0.0,0,0
37.491,30.0,30.0,0.0,0.0,0,0,0,0.0,0,0
37.526,30.0,30.0,0.0,0.0,0,0,0,0.0,0,0
37.558,30.0,30.0,0.0,0.0,0,0,0,0.0,0,0
37.591,30.0,30.0,0.0,0.0,0,0,0,0.0,0,0
37.623,30.0,30.0,0.0,0.0,0,0,0,0.0,0,0
37.662,30.0,30.0,0.0,0.0,0,0,0,0.0,0,0
37.723,30.0,30.0,0.0,0.0,0,0,0,0.0,0,0
37.755,30.0,30.0,0.0,0.0,0,0,0,0.0,0,0
37.788,30.0,30.0,0.0,0.0,0,0,0,0.0,0,0
37.823,30.0,30.0,0.0,0.0,0,0,0,0.0,0,0
37.855,30.0,30.0,0.0,0.0,0,0,0,0.0,0,0
37.889,30.0,30.0,0.0,0.0,0,0,0,0.0,0,0
37.922,30.0,30.0,0.0,0.0,0,0,0,0.0,0,0
37.958,30.0,30.0,0.0,0.0,0,0,0,0.0,0,0
37.989,30.0,30.0,0.0,0.0,0,0,0,0.0,0,0
38.025,30.0,30.0,0.0,0.0,0,0,0,0.0,0,0
38.056,30.0,30.0,0.0,0.0,0,0,0,0.0,0,0
38.088,30.0,30.0,0.0,0.0,0,0,0,0.0,0,0
38.12,30.0,30.0,0.0,0.0,0,0,0,0.0,0,0
38.155,30.0,30.0,0.0,0.0,0,0,0,0.0,0,0
38.191,30.0,30.0,0.0,0.0,0,0,0,0.0,0,0
38.251,30.0,30.0,0.0,0.0,0,0,0,0.0,0,0
38.289,30.0,30.0,0.0,0.0,0,0,0,0.0,0,0
38.32,30.0,30.0,0.0,0.0,0,0,0,0.0,0,0
38.352,30.0,30.0,0.0,0.0,0,0,0,0.0,0,0
38.39,30.0,30.0,0.0,0.0,0,0,0,0.0,0,0
38.422,30.0,30.0,0.0,0.0,0,0,0,0.0,0,0
38.453,30.0,30.0,0.0,0.0,0,0,0,0.0,0,0
38.49,30.0,30.0,0.0,0.0,0,0,0,0.0,0,0
38.524,30.0,30.0,0.0,0.0,0,0,0,0.0,0,0
38.557,30.0,30.0,0.0,0.0,0,0,0,0.0,0,0
38.588,30.0,30.0,0.0,0.0,0,0,0,0.0,0,0
38.622,30.0,30.0,0.0,0.0,0,0,0,0.0,0,0
38.656,30.0,30.0,0.0,0.0,0,0,0,0.0,0,0
38.69,30.0,30.0,0.0,0.0,0,0,0,0.0,0,0
38.721,30.0,30.0,0.0,0.0,0,0,0,0.0,0,0
38.755,30.0,30.0,0.0,0.0,0,0,0,0.0,0,0
38.787,30.0,30.0,0.0,0.0,0,0,0,0.0,0,0
38.82,30.0,30.0,0.0,0.0,0,0,0,0.0,0,0
38.856,30.0,30.0,0.0,0.0,0,0,0,0.0,0,0
38.89,30.0,30.0,0.0,0.0,0,0,0,0.0,0,0
38.922,30.0,30.0,0.0,0.0,0,0,0,0.0,0,0
38.955,30.0,30.0,0.0,0.0,0,0,0,0.0,0,0
38.992,30.0,30.0,0.0,0.0,0,0,0,0.0,0,0
39.023,30.0,30.0,0.0,0.0,0,0,0,0.0,0,0
39.052,30.0,30.0,0.0,0.0,0,0,0,0.0,0,0
39.086,30.0,30.0,0.0,0.0,0,0,0,0.0,0,0
39.122,30.0,30.0,0.0,0.0,0,0,0,0.0,0,0
39.152,30.0,30.0,0.0,0.0,0,0,0,0.0,0,0
39.191,30.0,30.0,0.0,0.0,0,0,0,0.0,0,0
39.22,30.0,30.0,0.0,0.0,0,0,0,0.0,0,0
39.254,30.0,30.0,0.0,0.0,0,0,0,0.0,0,0
39.288,30.0,30.0,0.0,0.0,0,0,0,0.0,0,0
39.323,30.0,30.0,0.0,0.0,0,0,0,0.0,0,0
39.353,30.0,30.0,0.0,0.0,0,0,0,0.0,0,0
39.391,30.0,30.0,0.0,0.0,0,0,0,0.0,0,0
39.45,30.0,30.0,0.0,0.0,0,0,0,0.0,0,0
39.488,30.0,30.0,0.0,0.0,0,0,0,0.0,0,0
39.518,30.0,30.0,0.0,0.0,0,0,0,0.0,0,0
39.555,30.0,30.0,0.0,0.0,0,0,0,0.0,0,0
39.597,30.0,30.0,0.0,0.0,0,0,0,0.0,0,0
39.654,30.0,30.0,0.0,0.0,0,0,0,0.0,0,0
39.69,30.0,30.0,0.0,0.0,0,0,0,0.0,0,0
39.722,30.0,30.0,0.0,0.0,0,0,0,0.0,0,0
39.754,30.0,30.0,0.0,0.0,0,0,0,0.0,0,0
39.789,30.0,30.0,0.0,0.0,0,0,0,0.0,0,0
39.822,30.0,30.0,0.0,0.0,0,0,0,0.0,0,0
39.856,30.0,30.0,0.0,0.0,0,0,0,0.0,0,0
39.889,30.0,30.0,0.0,0.0,0,0,0,0.0,0,0
39.922,30.0,30.0,0.0,0.0,0,0,0,0.0,0,0
39.957,30.0,30.0,0.0,0.0,0,0,0,0.0,0,0
39.988,30.0,30.0,0.0,0.0,0,0,0,0.0,0,0
40.023,30.0,30.0,0.0,0.0,0,0,0,0.0,0,0
40.06,30.0,30.0,0.0,0.0,0,0,0,0.0,0,0
40.091,30.0,30.0,0.0,0.0,0,0,0,0.0,0,0
40.121,30.0,30.0,0.0,0.0,0,0,0,0.0,0,0
40.156,30.0,30.0,0.0,0.0,0,0,0,0.0,0,0
40.194,30.0,30.0,0.0,0.0,0,0,0,0.0,0,0
40.226,30.0,30.0,0.0,0.0,0,0,0,0.0,0,0
40.288,30.0,30.0,0.0,0.0,0,0,0,0.0,0,0
40.322,30.0,30.0,0.0,0.0,0,0,0,0.0,0,0
40.354,30.0,30.0,0.0,0.0,0,0,0,0.0,0,0
40.39,30.0,30.0,0.0,0.0,0,0,0,0.0,0,0
40.425,30.0,30.0,0.0,0.0,0,0,0,0.0,0,0
40.456,30.0,30.0,0.0,0.0,0,0,0,0.0,0,0
40.489,30.0,30.0,0.0,0.0,0,0,0,0.0,0,0
40.521,30.0,30.0,0.0,0.0,0,0,0,0.0,0,0
40.551,30.0,30.0,0.0,0.0,0,0,0,0.0,0,0
40.586,30.0,30.0,0.0,0.0,0,0,0,0.0,0,0
40.619,30.0,30.0,0.0,0.0,0,0,0,0.0,0,0
40.655,30.0,30.0,0.0,0.0,0,0,0,0.0,0,0
40.691,30.0,30.0,0.0,0.0,0,0,0,0.0,0,0
40.72,30.0,30.0,0.0,0.0,0,0,0,0.0,0,0
40.756,30.0,30.0,0.0,0.0,0,0,0,0.0,0,0
40.79,30.0,30.0,0.0,0.0,0,0,0,0.0,0,0
40.825,30.0,30.0,0.0,0.0,0,0,0,0.0,0,0
40.856,30.0,30.0,0.0,0.0,0,0,0,0.0,0,0
40.914,30.0,30.0,0.0,0.0,0,0,0,0.0,0,0
40.954,30.0,30.0,0.0,0.0,0,0,0,0.0,0,0
40.991,30.0,30.0,0.0,0.0,0,0,0,0.0,0,0
41.025,30.0,30.0,0.0,0.0,0,0,0,0.0,0,0
41.056,30.0,30.0,0.0,0.0,0,0,0,0.0,0,0
41.094,30.0,30.0,0.0,0.0,0,0,0,0.0,0,0
41.16,30.0,30.0,0.0,0.0,0,0,0,0.0,0,0
41.222,30.0,30.0,0.0,0.0,0,0,0,0.0,0,0
41.256,30.0,30.0,0.0,0.0,0,40,0,0.671,0,0
41.292,30.0,30.0,0.0,0.0,0,40,0,0.86,0,0
41.357,30.0,30.0,0.0,0.0,0,0,0,0.0,0,0
41.393,30.0,30.0,0.0,0.0,0,0,0,0.0,0,0
41.427,30.0,30.0,0.0,0.0,0,40,0,0.754,0,0
41.456,30.0,30.0,0.0,0.0,0,40,0,0.784,0,0
41.489,30.0,30.0,0.0,0.0,0,40,40,0.716,0,0
41.523,30.0,30.0,0.0,0.0,0,0,0,0.0,0,0
41.556,30.0,30.0,0.0,0.0,0,0,0,0.0,0,0
41.59,30.0,30.0,0.0,0.0,0,0,0,0.0,0,0
41.623,30.0,30.0,0.0,0.0,0,0,0,0.0,0,0
41.655,30.0,30.0,0.0,0.0,0,0,0,0.0,0,0
41.69,30.0,30.0,0.0,0.0,0,0,0,0.0,0,0
41.724,30.0,30.0,0.0,0.0,0,0,0,0.0,0,0
41.757,30.0,30.0,0.0,0.0,0,0,0,0.0,0,0
41.79,30.0,30.0,0.0,0.0,0,40,0,0.738,0,0
41.822,30.0,30.0,0.0,0.0,0,0,0,0.0,0,0
41.856,30.0,30.0,0.0,0.0,0,0,0,0.0,0,0
41.889,30.0,30.0,0.0,0.0,0,40,0,0.757,0,0
41.923,30.0,30.0,0.0,0.0,0,0,0,0.0,0,0
41.958,30.0,30.0,0.0,0.0,0,0,0,0.0,0,0
41.989,30.0,30.0,0.0,0.0,0,0,0,0.0,0,0
42.025,30.0,30.0,0.0,0.0,0,0,0,0.0,0,0
42.061,30.0,30.0,0.0,0.0,0,0,0,0.0,0,0
42.091,30.0,30.0,0.0,0.0,0,0,0,0.0,0,0
42.122,30.0,30.0,0.0,0.0,0,0,0,0.0,0,0
42.154,30.0,30.0,0.0,0.0,0,0,0,0.0,0,0
42.191,30.0,30.0,0.0,0.0,0,0,0,0.0,0,0
42.223,30.0,30.0,0.0,0.0,0,0,0,0.0,0,0
42.256,30.0,30.0,0.0,0.0,0,0,0,0.0,0,0
42.291,30.0,30.0,0.0,0.0,0,0,0,0.0,0,0
42.325,30.0,30.0,0.0,0.0,0,0,0,0.0,0,0
42.357,30.0,30.0,0.0,0.0,0,0,0,0.0,0,0
42.392,30.0,30.0,0.0,0.0,0,0,0,0.0,0,0
42.422,30.0,30.0,0.0,0.0,0,0,0,0.0,0,0
42.453,30.0,30.0,0.0,0.0,0,0,0,0.0,0,0
42.489,30.0,30.0,0.0,0.0,0,0,0,0.0,0,0
42.521,30.0,30.0,0.0,0.0,0,0,0,0.0,0,0
42.554,30.0,30.0,0.0,0.0,0,0,0,0.0,0,0
42.589,30.0,30.0,0.0,0.0,0,0,0,0.0,0,0
42.627,30.0,30.0,0.0,0.0,0,0,0,0.0,0,0
42.661,30.0,30.0,0.0,0.0,0,0,0,0.0,0,0
42.693,30.0,30.0,0.0,0.0,0,0,0,0.0,0,0
42.723,30.0,30.0,0.0,0.0,0,0,0,0.0,0,0
42.753,30.0,30.0,0.0,0.0,0,0,0,0.0,0,0
42.787,30.0,30.0,0.0,0.0,0,0,0,0.0,0,0
42.823,30.0,30.0,0.0,0.0,0,0,0,0.0,0,0
42.855,30.0,30.0,0.0,0.0,0,0,0,0.0,0,0
42.889,30.0,30.0,0.0,0.0,0,0,0,0.0,0,0
42.922,30.0,30.0,0.0,0.0,0,0,0,0.0,0,0
42.956,30.0,30.0,0.0,0.0,0,0,0,0.0,0,0
42.99,30.0,30.0,0.0,0.0,0,0,0,0.0,0,0
43.026,30.0,30.0,0.0,0.0,0,0,0,0.0,0,0
43.061,30.0,30.0,0.0,0.0,0,0,0,0.0,0,0
43.09,30.0,30.0,0.0,0.0,0,0,0,0.0,0,0
43.125,30.0,30.0,0.0,0.0,0,0,0,0.0,0,0
43.156,30.0,30.0,0.0,0.0,0,0,0,0.0,0,0
43.186,30.0,30.0,0.0,0.0,0,0,0,0.0,0,0
43.223,30.0,30.0,0.0,0.0,0,0,0,0.0,0,0
43.256,30.0,30.0,0.0,0.0,0,0,0,0.0,0,0
43.289,30.0,30.0,0.0,0.0,0,0,0,0.0,0,0
43.318,30.0,30.0,0.0,0.0,0,0,0,0.0,0,0
43.354,30.0,30.0,0.0,0.0,0,0,0,0.0,0,0
43.39,30.0,30.0,0.0,0.0,0,0,0,0.0,0,0
43.421,30.0,30.0,0.0,0.0,0,0,0,0.0,0,0
43.456,30.0,30.0,0.0,0.0,0,40,0,0.781,0,0
43.488,30.0,30.0,0.0,0.0,0,40,0,0.765,0,0
43.521,30.0,30.0,0.0,0.0,0,40,40,0.776,0,0
43.556,30.0,30.0,0.0,0.0,0,40,40,0.708,0,0
43.59,30.0,30.0,0.0,0.0,0,40,40,0.79,0,0
43.621,30.0,30.0,0.0,0.0,0,40,40,0.821,0,0
43.654,30.0,30.0,0.0,0.0,0,0,0,0.0,0,0
43.689,30.0,30.0,0.0,0.0,0,0,0,0.0,0,0
43.723,30.0,30.0,0.0,0.0,0,0,0,0.0,0,0
43.755,30.0,30.0,0.0,0.0,0,0,0,0.0,0,0
43.79,30.0,30.0,0.0,0.0,0,0,0,0.0,0,0
43.822,30.0,30.0,0.0,0.0,0,0,0,0.0,0,0
43.858,30.0,30.0,0.0,0.0,0,0,0,0.0,0,0
43.89,30.0,30.0,0.0,0.0,0,0,0,0.0,0,0
43.925,30.0,30.0,0.0,0.0,0,0,0,0.0,0,0
43.957,30.0,30.0,0.0,0.0,0,0,0,0.0,0,0
43.989,30.0,30.0,0.0,0.0,0,0,0,0.0,0,0
44.026,30.0,30.0,0.0,0.0,0,0,0,0.0,0,0
44.058,30.0,30.0,0.0,0.0,0,0,0,0.0,0,0
44.087,30.0,30.0,0.0,0.0,0,0,0,0.0,0,0
44.124,30.0,30.0,0.0,0.0,0,0,0,0.0,0,0
44.156,30.0,30.0,0.0,0.0,0,0,0,0.0,0,0
44.189,30.0,30.0,0.0,0.0,0,0,0,0.0,0,0
44.222,30.0,30.0,0.0,0.0,0,0,0,0.0,0,0
44.259,30.0,30.0,0.0,0.0,0,0,0,0.0,0,0
44.293,30.0,30.0,0.0,0.0,0,0,0,0.0,0,0
44.354,30.0,30.0,0.0,0.0,0,0,0,0.0,0,0
44.384,30.0,30.0,0.0,0.0,0,0,0,0.0,0,0
44.423,30.0,30.0,0.0,0.0,0,0,0,0.0,0,0
44.465,30.0,30.0,0.0,0.0,0,0,0,0.0,0,0
44.5,30.0,30.0,0.0,0.0,0,0,0,0.0,0,0
44.557,30.0,30.0,0.0,0.0,0,0,0,0.0,0,0
44.589,30.0,30.0,0.0,0.0,0,0,0,0.0,0,0
44.622,30.0,30.0,0.0,0.0,0,0,0,0.0,0,0
44.657,30.0,30.0,0.0,0.0,0,0,0,0.0,0,0
44.692,30.0,30.0,0.0,0.0,0,0,0,0.0,0,0
44.725,30.0,30.0,0.0,0.0,0,0,0,0.0,0,0
44.761,30.0,30.0,0.0,0.0,0,0,0,0.0,0,0
44.824,30.0,30.0,0.0,0.0,0,0,0,0.0,0,0
44.857,30.0,30.0,0.0,0.0,0,0,0,0.0,0,0
44.891,30.0,30.0,0.0,0.0,0,0,0,0.0,0,0
44.929,30.0,30.0,0.0,0.0,0,0,0,0.0,0,0
44.991,30.0,30.0,0.0,0.0,0,0,0,0.0,0,0
45.023,30.0,30.0,0.0,0.0,0,0,0,0.0,0,0
45.054,30.0,30.0,0.0,0.0,0,0,0,0.0,0,0
45.087,30.0,30.0,0.0,0.0,0,0,0,0.0,0,0
45.121,30.0,30.0,0.0,0.0,0,0,0,0.0,0,0
45.155,30.0,30.0,0.0,0.0,0,0,0,0.0,0,0
45.192,30.0,30.0,0.0,0.0,0,0,0,0.0,0,0
45.222,30.0,30.0,0.0,0.0,0,0,0,0.0,0,0
45.272,30.0,30.0,0.0,0.0,0,0,0,0.0,0,0
45.332,30.0,30.0,0.0,0.0,0,0,0,0.0,0,0
45.398,30.0,30.0,0.0,0.0,0,0,0,0.0,0,0
45.458,30.0,30.0,0.0,0.0,0,0,0,0.0,0,0
45.526,30.0,30.0,0.0,0.0,0,0,0,0.0,0,0
45.557,30.0,30.0,0.0,0.0,0,0,0,0.0,0,0
45.622,30.0,30.0,0.0,0.0,0,0,0,0.0,0,0
45.654,30.0,30.0,0.0,0.0,0,0,0,0.0,0,0
45.687,30.0,30.0,0.0,0.0,0,0,0,0.0,0,0
45.723,30.0,30.0,0.0,0.0,0,0,0,0.0,0,0
45.761,30.0,30.0,0.0,0.0,0,0,0,0.0,0,0
45.825,30.0,30.0,0.0,0.0,0,0,0,0.0,0,0
45.891,30.0,30.0,0.0,0.0,0,0,0,0.0,0,0
45.927,30.0,30.0,0.0,0.0,0,0,0,0.0,0,0
45.957,30.0,30.0,0.0,0.0,0,0,0,0.0,0,0
45.989,30.0,30.0,0.0,0.0,0,0,0,0.0,0,0
46.024,30.0,30.0,0.0,0.0,0,0,0,0.0,0,0
46.056,30.0,30.0,0.0,0.0,0,0,0,0.0,0,0
46.09,30.0,30.0,0.0,0.0,0,0,0,0.0,0,0
46.122,30.0,30.0,0.0,0.0,0,0,0,0.0,0,0
46.152,30.0,30.0,0.0,0.0,0,0,0,0.0,0,0
46.189,30.0,30.0,0.0,0.0,0,0,0,0.0,0,0
46.227,30.0,30.0,0.0,0.0,0,0,0,0.0,0,0
46.29,30.0,30.0,0.0,0.0,0,0,0,0.0,0,0
46.322,30.0,30.0,0.0,0.0,0,0,0,0.0,0,0
46.356,30.0,30.0,0.0,0.0,0,0,0,0.0,0,0
46.388,30.0,30.0,0.0,0.0,0,0,0,0.0,0,0
46.427,30.0,30.0,0.0,0.0,0,0,0,0.0,0,0
46.46,30.0,30.0,0.0,0.0,0,0,0,0.0,0,0
46.524,30.0,30.0,0.0,0.0,0,0,0,0.0,0,0
46.556,30.0,30.0,0.0,0.0,0,0,0,0.0,0,0
46.591,30.0,30.0,0.0,0.0,0,0,0,0.0,0,0
46.625,30.0,30.0,0.0,0.0,0,0,0,0.0,0,0
46.656,30.0,30.0,0.0,0.0,0,0,0,0.0,0,0
46.69,30.0,30.0,0.0,0.0,0,0,0,0.0,0,0
46.723,30.0,30.0,0.0,0.0,0,0,0,0.0,0,0
46.756,30.0,30.0,0.0,0.0,0,0,0,0.0,0,0
46.791,30.0,30.0,0.0,0.0,0,0,0,0.0,0,0
46.822,30.0,30.0,0.0,0.0,0,0,0,0.0,0,0
46.861,30.0,30.0,0.0,0.0,0,0,0,0.0,0,0
46.924,30.0,30.0,0.0,0.0,0,0,0,0.0,0,0
46.956,30.0,30.0,0.0,0.0,0,0,0,0.0,0,0
46.991,30.0,30.0,0.0,0.0,0,0,0,0.0,0,0
47.028,30.0,30.0,0.0,0.0,0,0,0,0.0,0,0
47.058,30.0,30.0,0.0,0.0,0,0,0,0.0,0,0
47.09,30.0,30.0,0.0,0.0,0,0,0,0.0,0,0
47.122,30.0,30.0,0.0,0.0,0,0,0,0.0,0,0
47.155,30.0,30.0,0.0,0.0,0,0,0,0.0,0,0
47.188,30.0,30.0,0.0,0.0,0,0,0,0.0,0,0
47.223,30.0,30.0,0.0,0.0,0,0,0,0.0,0,0
47.259,30.0,30.0,0.0,0.0,0,0,0,0.0,0,0
47.289,30.0,30.0,0.0,0.0,0,0,0,0.0,0,0
47.324,30.0,30.0,0.0,0.0,0,0,0,0.0,0,0
47.361,30.0,30.0,0.0,0.0,0,0,0,0.0,0,0
47.395,30.0,30.0,0.0,0.0,0,0,0,0.0,0,0
47.43,30.0,30.0,0.0,0.0,0,0,0,0.0,0,0
47.489,30.0,30.0,0.0,0.0,0,0,0,0.0,0,0
47.52,30.0,30.0,0.0,0.0,0,0,0,0.0,0,0
47.559,30.0,30.0,0.0,0.0,0,0,0,0.0,0,0
47.624,30.0,30.0,0.0,0.0,0,0,0,0.0,0,0
47.66,30.0,30.0,0.0,0.0,0,0,0,0.0,0,0
47.691,30.0,30.0,0.0,0.0,0,0,0,0.0,0,0
47.721,30.0,30.0,0.0,0.0,0,0,0,0.0,0,0
47.759,30.0,30.0,0.0,0.0,0,0,0,0.0,0,0
47.789,30.0,30.0,0.0,0.0,0,0,0,0.0,0,0
47.821,30.0,30.0,0.0,0.0,0,0,0,0.0,0,0
47.854,30.0,30.0,0.0,0.0,0,0,0,0.0,0,0
47.888,30.0,30.0,0.0,0.0,0,0,0,0.0,0,0
47.923,30.0,30.0,0.0,0.0,0,0,0,0.0,0,0
47.959,30.0,30.0,0.0,0.0,0,0,0,0.0,0,0
47.989,30.0,30.0,0.0,0.0,0,0,0,0.0,0,0
48.03,30.0,30.0,0.0,0.0,0,0,0,0.0,0,0
48.061,30.0,30.0,0.0,0.0,0,0,0,0.0,0,0
48.124,30.0,30.0,0.0,0.0,0,0,0,0.0,0,0
48.16,30.0,30.0,0.0,0.0,0,0,0,0.0,0,0
48.189,30.0,30.0,0.0,0.0,0,0,0,0.0,0,0
48.222,30.0,30.0,0.0,0.0,0,0,0,0.0,0,0
48.255,30.0,30.0,0.0,0.0,0,0,0,0.0,0,0
48.292,30.0,30.0,0.0,0.0,0,0,0,0.0,0,0
48.324,30.0,30.0,0.0,0.0,0,0,0,0.0,0,0
48.36,30.0,30.0,0.0,0.0,0,0,0,0.0,0,0
48.396,30.0,30.0,0.0,0.0,0,0,0,0.0,0,0
48.427,30.0,30.0,0.0,0.0,0,0,0,0.0,0,0
48.492,30.0,30.0,0.0,0.0,0,0,0,0.0,0,0
48.557,30.0,30.0,0.0,0.0,0,0,0,0.0,0,0
48.592,30.0,30.0,0.0,0.0,0,0,0,0.0,0,0
48.625,30.0,30.0,0.0,0.0,0,0,0,0.0,0,0
48.657,30.0,30.0,0.0,0.0,0,0,0,0.0,0,0
48.691,30.0,30.0,0.0,0.0,0,0,0,0.0,0,0
48.723,30.0,30.0,0.0,0.0,0,0,0,0.0,0,0
48.756,30.0,30.0,0.0,0.0,0,0,0,0.0,0,0
48.789,30.0,30.0,0.0,0.0,0,0,0,0.0,0,0
48.822,30.0,30.0,0.0,0.0,0,0,0,0.0,0,0
48.856,30.0,30.0,0.0,0.0,0,0,0,0.0,0,0
48.889,30.0,30.0,0.0,0.0,0,0,0,0.0,0,0
48.924,30.0,30.0,0.0,0.0,0,0,0,0.0,0,0
48.958,30.0,30.0,0.0,0.0,0,0,0,0.0,0,0
49.023,30.0,30.0,0.0,0.0,0,0,0,0.0,0,0
49.055,30.0,30.0,0.0,0.0,0,0,0,0.0,0,0
49.088,30.0,30.0,0.0,0.0,0,0,0,0.0,0,0
49.123,30.0,30.0,0.0,0.0,0,0,0,0.0,0,0
49.153,30.0,30.0,0.0,0.0,0,0,0,0.0,0,0
49.189,30.0,30.0,0.0,0.0,0,0,0,0.0,0,0
49.222,30.0,30.0,0.0,0.0,0,0,0,0.0,0,0
49.258,30.0,30.0,0.0,0.0,0,0,0,0.0,0,0
49.291,30.0,30.0,0.0,0.0,0,0,0,0.0,0,0
49.322,30.0,30.0,0.0,0.0,0,0,0,0.0,0,0
49.354,30.0,30.0,0.0,0.0,0,0,0,0.0,0,0
49.389,30.0,30.0,0.0,0.0,0,0,0,0.0,0,0
49.421,30.0,30.0,0.0,0.0,0,0,0,0.0,0,0
49.455,30.0,30.0,0.0,0.0,0,0,0,0.0,0,0
49.488,30.0,30.0,0.0,0.0,0,0,0,0.0,0,0
49.523,30.0,30.0,0.0,0.0,0,0,0,0.0,0,0
49.559,30.0,30.0,0.0,0.0,0,0,0,0.0,0,0
49.592,30.0,30.0,0.0,0.0,0,0,0,0.0,0,0
49.622,30.0,30.0,0.0,0.0,0,0,0,0.0,0,0
49.655,30.0,30.0,0.0,0.0,0,0,0,0.0,0,0
49.69,30.0,30.0,0.0,0.0,0,0,0,0.0,0,0
49.721,30.0,30.0,0.0,0.0,0,0,0,0.0,0,0
49.756,30.0,30.0,0.0,0.0,0,0,0,0.0,0,0
49.789,30.0,30.0,0.0,0.0,0,0,0,0.0,0,0
49.822,30.0,30.0,0.0,0.0,0,0,0,0.0,0,0
49.855,30.0,30.0,0.0,0.0,0,0,0,0.0,0,0
49.89,30.0,30.0,0.0,0.0,0,0,0,0.0,0,0
49.923,30.0,30.0,0.0,0.0,0,0,0,0.0,0,0
49.959,30.0,30.0,0.0,0.0,0,0,0,0.0,0,0
49.992,30.0,30.0,0.0,0.0,0,0,0,0.0,0,0
50.021,30.0,30.0,0.0,0.0,0,0,0,0.0,0,0
50.054,30.0,30.0,0.0,0.0,0,0,0,0.0,0,0
50.087,30.0,30.0,0.0,0.0,0,0,0,0.0,0,0
50.125,30.0,30.0,0.0,0.0,0,0,0,0.0,0,0
50.157,30.0,30.0,0.0,0.0,0,0,0,0.0,0,0
50.188,30.0,30.0,0.0,0.0,0,0,0,0.0,0,0
50.222,30.0,30.0,0.0,0.0,0,0,0,0.0,0,0
50.258,30.0,30.0,0.0,0.0,0,0,0,0.0,0,0
50.291,30.0,30.0,0.0,0.0,0,0,0,0.0,0,0
50.321,30.0,30.0,0.0,0.0,0,0,0,0.0,0,0
50.356,30.0,30.0,0.0,0.0,0,0,0,0.0,0,0
50.388,30.0,30.0,0.0,0.0,0,0,0,0.0,0,0
50.423,30.0,30.0,0.0,0.0,0,0,0,0.0,0,0
50.456,30.0,30.0,0.0,0.0,0,0,0,0.0,0,0
50.49,30.0,30.0,0.0,0.0,0,0,0,0.0,0,0
50.523,30.0,30.0,0.0,0.0,0,0,0,0.0,0,0
50.56,30.0,30.0,0.0,0.0,0,0,0,0.0,0,0
50.621,30.0,30.0,0.0,0.0,0,0,0,0.0,0,0
50.653,30.0,30.0,0.0,0.0,0,0,0,0.0,0,0
50.687,30.0,30.0,0.0,0.0,0,0,0,0.0,0,0
50.721,30.0,30.0,0.0,0.0,0,0,0,0.0,0,0
50.754,30.0,30.0,0.0,0.0,0,0,0,0.0,0,0
50.789,30.0,30.0,0.0,0.0,0,40,0,0.702,0,0
50.819,30.0,30.0,0.0,0.0,0,0,0,0.0,0,0
50.856,30.0,30.0,0.0,0.0,0,0,0,0.0,0,0
50.891,30.0,30.0,0.0,0.0,0,0,0,0.0,0,0
50.955,30.0,30.0,0.0,0.0,0,40,0,0.749,0,0
50.987,30.0,30.0,0.0,0.0,0,40,0,0.638,0,0
51.023,30.0,30.0,0.0,0.0,0,0,0,0.0,0,0
51.053,30.0,30.0,0.0,0.0,0,0,0,0.0,0,0
51.086,30.0,30.0,0.0,0.0,0,0,0,0.0,0,0
51.122,30.0,30.0,0.0,0.0,0,0,0,0.0,0,0
51.155,30.0,30.0,0.0,0.0,0,0,0,0.0,0,0
51.189,30.0,30.0,0.0,0.0,0,0,0,0.0,0,0
51.223,30.0,30.0,0.0,0.0,0,40,0,0.696,0,0
51.255,30.0,30.0,0.0,0.0,0,0,0,0.0,0,0
51.289,30.0,30.0,0.0,0.0,0,0,0,0.0,0,0
51.32,30.0,30.0,0.0,0.0,0,40,0,0.604,0,0
51.355,30.0,30.0,0.0,0.0,0,0,0,0.0,0,0
51.387,30.0,30.0,0.0,0.0,0,0,0,0.0,0,0
51.423,30.0,30.0,0.0,0.0,0,0,0,0.0,0,0
51.457,30.0,30.0,0.0,0.0,0,0,0,0.0,0,0
51.491,30.0,30.0,0.0,0.0,0,0,0,0.0,0,0
51.525,30.0,30.0,0.0,0.0,0,0,0,0.0,0,0
51.555,30.0,30.0,0.0,0.0,0,0,0,0.0,0,0
51.587,30.0,30.0,0.0,0.0,0,0,0,0.0,0,0
51.622,30.0,30.0,0.0,0.0,0,0,0,0.0,0,0
51.655,30.0,30.0,0.0,0.0,0,0,0,0.0,0,0
51.69,30.0,30.0,0.0,0.0,0,0,0,0.0,0,0
51.723,30.0,30.0,0.0,0.0,0,0,0,0.0,0,0
51.757,30.0,30.0,0.0,0.0,0,0,0,0.0,0,0
51.792,30.0,30.0,0.0,0.0,0,0,0,0.0,0,0
51.824,30.0,30.0,0.0,0.0,0,0,0,0.0,0,0
51.889,30.0,30.0,0.0,0.0,0,0,0,0.0,0,0
51.923,30.0,30.0,0.0,0.0,0,0,0,0.0,0,0
51.955,30.0,30.0,0.0,0.0,0,40,0,0.628,0,0
51.989,30.0,30.0,0.0,0.0,0,40,0,0.628,0,0
52.023,30.0,30.0,0.0,0.0,0,0,0,0.0,0,0
52.059,30.0,30.0,0.0,0.0,0,0,0,0.0,0,0
52.092,30.0,30.0,0.0,0.0,0,40,0,0.613,0,0
52.157,30.0,30.0,0.0,0.0,0,0,0,0.0,0,0
52.19,30.0,30.0,0.0,0.0,0,0,0,0.0,0,0
52.222,30.0,30.0,0.0,0.0,0,0,0,0.0,0,0
52.255,30.0,30.0,0.0,0.0,0,0,0,0.0,0,0
52.29,30.0,30.0,0.0,0.0,0,0,0,0.0,0,0
52.325,30.0,30.0,0.0,0.0,0,0,0,0.0,0,0
52.361,30.0,30.0,0.0,0.0,0,0,0,0.0,0,0
52.391,30.0,30.0,0.0,0.0,0,0,0,0.0,0,0
52.423,30.0,30.0,0.0,0.0,0,0,0,0.0,0,0
52.456,30.0,30.0,0.0,0.0,0,0,0,0.0,0,0
52.491,30.0,30.0,0.0,0.0,0,0,0,0.0,0,0
52.53,30.0,30.0,0.0,0.0,0,0,0,0.0,0,0
52.563,30.0,30.0,0.0,0.0,0,0,0,0.0,0,0
52.595,30.0,30.0,0.0,0.0,0,0,0,0.0,0,0
52.626,30.0,30.0,0.0,0.0,0,0,0,0.0,0,0
52.661,30.0,30.0,0.0,0.0,0,0,0,0.0,0,0
52.691,30.0,30.0,0.0,0.0,0,40,0,0.623,0,0
52.731,30.0,30.0,0.0,0.0,0,0,0,0.0,0,0
52.764,30.0,30.0,0.0,0.0,0,0,0,0.0,0,0
52.83,30.0,30.0,0.0,0.0,0,0,0,0.0,0,0
52.863,30.0,30.0,0.0,0.0,0,0,0,0.0,0,0
52.896,30.0,30.0,0.0,0.0,0,0,0,0.0,0,0
52.931,30.0,30.0,0.0,0.0,0,0,0,0.0,0,0
52.966,30.0,30.0,0.0,0.0,0,0,0,0.0,0,0
53.033,30.0,30.0,0.0,0.0,0,0,0,0.0,0,0
53.065,30.0,30.0,0.0,0.0,0,0,0,0.0,0,0
53.1,30.0,30.0,0.0,0.0,0,0,0,0.0,0,0
53.139,30.0,30.0,0.0,0.0,0,0,0,0.0,0,0
53.171,30.0,30.0,0.0,0.0,0,0,0,0.0,0,0
53.201,30.0,30.0,0.0,0.0,0,0,0,0.0,0,0
53.235,30.0,30.0,0.0,0.0,0,0,0,0.0,0,0
53.267,30.0,30.0,0.0,0.0,0,0,0,0.0,0,0
53.298,30.0,30.0,0.0,0.0,0,0,0,0.0,0,0
53.338,30.0,30.0,0.0,0.0,0,0,0,0.0,0,0
53.373,30.0,30.0,0.0,0.0,0,0,0,0.0,0,0
53.441,30.0,30.0,0.0,0.0,0,0,0,0.0,0,0
53.473,30.0,30.0,0.0,0.0,0,40,0,0.604,0,0
53.507,30.0,30.0,0.0,0.0,0,40,0,0.601,0,0
53.54,30.0,30.0,0.0,0.0,0,40,40,0.619,0,0
53.573,30.0,30.0,0.0,0.0,0,40,40,0.639,0,0
53.606,30.0,30.0,0.0,0.0,0,40,40,0.624,0,0
53.64,30.0,30.0,0.0,0.0,0,40,40,0.646,0,0
53.678,30.0,30.0,0.0,0.0,0,40,40,0.648,0,0
53.708,30.0,30.0,0.0,0.0,0,40,40,0.666,0,0
53.739,30.0,30.0,0.0,0.0,0,0,0,0.0,0,0
53.772,30.0,30.0,0.0,0.0,0,0,0,0.0,0,0
53.806,30.0,30.0,0.0,0.0,0,0,0,0.0,0,0
53.848,30.0,30.0,0.0,0.0,0,0,0,0.0,0,0
53.877,30.0,30.0,0.0,0.0,0,0,0,0.0,0,0
53.913,30.0,30.0,0.0,0.0,0,0,0,0.0,0,0
53.944,30.0,30.0,0.0,0.0,0,0,0,0.0,0,0
53.975,30.0,30.0,0.0,0.0,0,0,0,0.0,0,0
54.012,30.0,30.0,0.0,0.0,0,0,0,0.0,0,0
54.047,30.0,30.0,0.0,0.0,0,0,0,0.0,0,0
54.08,30.0,30.0,0.0,0.0,0,0,0,0.0,0,0
54.112,30.0,30.0,0.0,0.0,0,0,0,0.0,0,0
54.152,30.0,30.0,0.0,0.0,0,0,0,0.0,0,0
54.184,30.0,30.0,0.0,0.0,0,0,0,0.0,0,0
54.217,30.0,30.0,0.0,0.0,0,0,0,0.0,0,0
54.247,30.0,30.0,0.0,0.0,0,0,0,0.0,0,0
54.28,30.0,30.0,0.0,0.0,0,0,0,0.0,0,0
54.314,30.0,30.0,0.0,0.0,0,0,0,0.0,0,0
54.381,30.0,30.0,0.0,0.0,0,0,0,0.0,0,0
54.419,30.0,30.0,0.0,0.0,0,0,0,0.0,0,0
54.451,30.0,30.0,0.0,0.0,0,0,0,0.0,0,0
54.484,30.0,30.0,0.0,0.0,0,0,0,0.0,0,0
54.514,30.0,30.0,0.0,0.0,0,0,0,0.0,0,0
54.557,30.0,30.0,0.0,0.0,0,0,0,0.0,0,0
54.588,30.0,30.0,0.0,0.0,0,0,0,0.0,0,0
54.622,30.0,30.0,0.0,0.0,0,0,0,0.0,0,0
54.658,30.0,30.0,0.0,0.0,0,0,0,0.0,0,0
54.689,30.0,30.0,0.0,0.0,0,0,0,0.0,0,0
54.723,30.0,30.0,0.0,0.0,0,0,0,0.0,0,0
54.758,30.0,30.0,0.0,0.0,0,40,0,0.625,0,0
54.822,30.0,30.0,0.0,0.0,0,40,0,0.603,0,0
54.857,30.0,30.0,0.0,0.0,0,0,0,0.0,0,0
54.889,30.0,30.0,0.0,0.0,0,0,0,0.0,0,0
54.922,30.0,30.0,0.0,0.0,0,0,0,0.0,0,0
54.96,30.0,30.0,0.0,0.0,0,0,0,0.0,0,0
54.993,30.0,30.0,0.0,0.0,0,0,0,0.0,0,0
55.024,30.0,30.0,0.0,0.0,0,0,0,0.0,0,0
55.057,30.0,30.0,0.0,0.0,0,0,0,0.0,0,0
55.095,30.0,30.0,0.0,0.0,0,0,0,0.0,0,0
55.17,30.0,30.0,0.0,0.0,0,0,0,0.0,0,0
55.199,30.0,30.0,0.0,0.0,0,0,0,0.0,0,0
55.266,30.0,30.0,0.0,0.0,0,0,0,0.0,0,0
55.325,30.0,30.0,0.0,0.0,0,0,0,0.0,0,0
55.364,30.0,30.0,0.0,0.0,0,0,0,0.0,0,0
55.397,30.0,30.0,0.0,0.0,0,0,0,0.0,0,0
55.43,30.0,30.0,0.0,0.0,0,0,0,0.0,0,0
55.465,30.0,30.0,0.0,0.0,0,0,0,0.0,0,0
55.5,30.0,30.0,0.0,0.0,0,0,0,0.0,0,0
55.533,30.0,30.0,0.0,0.0,0,0,0,0.0,0,0
55.563,30.0,30.0,0.0,0.0,0,0,0,0.0,0,0
55.599,30.0,30.0,0.0,0.0,0,0,0,0.0,0,0
55.632,30.0,30.0,0.0,0.0,0,0,0,0.0,0,0
55.671,30.0,30.0,0.0,0.0,0,0,0,0.0,0,0
55.705,30.0,30.0,0.0,0.0,0,0,0,0.0,0,0
55.738,30.0,30.0,0.0,0.0,0,0,0,0.0,0,0
55.768,30.0,30.0,0.0,0.0,0,0,0,0.0,0,0
55.801,30.0,30.0,0.0,0.0,0,0,0,0.0,0,0
55.835,30.0,30.0,0.0,0.0,0,0,0,0.0,0,0
55.872,30.0,30.0,0.0,0.0,0,0,0,0.0,0,0
55.904,30.0,30.0,0.0,0.0,0,0,0,0.0,0,0
55.943,30.0,30.0,0.0,0.0,0,0,0,0.0,0,0
56.004,30.0,30.0,0.0,0.0,0,0,0,0.0,0,0
56.039,30.0,30.0,0.0,0.0,0,0,0,0.0,0,0
56.073,30.0,30.0,0.0,0.0,0,0,0,0.0,0,0
56.104,30.0,30.0,0.0,0.0,0,0,0,0.0,0,0
56.138,30.0,30.0,0.0,0.0,0,0,0,0.0,0,0
56.173,30.0,30.0,0.0,0.0,0,0,0,0.0,0,0
56.205,30.0,30.0,0.0,0.0,0,0,0,0.0,0,0
56.237,30.0,30.0,0.0,0.0,0,0,0,0.0,0,0
56.272,30.0,30.0,0.0,0.0,0,0,0,0.0,0,0
56.306,30.0,30.0,0.0,0.0,0,0,0,0.0,0,0
56.339,30.0,30.0,0.0,0.0,0,0,0,0.0,0,0
56.372,30.0,30.0,0.0,0.0,0,0,0,0.0,0,0
56.405,30.0,30.0,0.0,0.0,0,0,0,0.0,0,0
56.437,30.0,30.0,0.0,0.0,0,0,0,0.0,0,0
56.471,30.0,30.0,0.0,0.0,0,0,0,0.0,0,0
56.505,30.0,30.0,0.0,0.0,0,0,0,0.0,0,0
56.542,30.0,30.0,0.0,0.0,0,0,0,0.0,0,0
56.572,30.0,30.0,0.0,0.0,0,0,0,0.0,0,0
56.606,30.0,30.0,0.0,0.0,0,0,0,0.0,0,0
56.639,30.0,30.0,0.0,0.0,0,0,0,0.0,0,0
56.674,30.0,30.0,0.0,0.0,0,0,0,0.0,0,0
56.705,30.0,30.0,0.0,0.0,0,0,0,0.0,0,0
56.739,30.0,30.0,0.0,0.0,0,0,0,0.0,0,0
56.77,30.0,30.0,0.0,0.0,0,0,0,0.0,0,0
56.806,30.0,30.0,0.0,0.0,0,0,0,0.0,0,0
56.838,30.0,30.0,0.0,0.0,0,0,0,0.0,0,0
56.871,30.0,30.0,0.0,0.0,0,0,0,0.0,0,0
56.905,30.0,30.0,0.0,0.0,0,0,0,0.0,0,0
56.938,30.0,30.0,0.0,0.0,0,0,0,0.0,0,0
56.971,30.0,30.0,0.0,0.0,0,0,0,0.0,0,0
57.005,30.0,30.0,0.0,0.0,0,0,0,0.0,0,0
57.039,30.0,30.0,0.0,0.0,0,0,0,0.0,0,0
57.073,30.0,30.0,0.0,0.0,0,0,0,0.0,0,0
57.11,30.0,30.0,0.0,0.0,0,0,0,0.0,0,0
57.142,30.0,30.0,0.0,0.0,0,0,0,0.0,0,0
57.172,30.0,30.0,0.0,0.0,0,0,0,0.0,0,0
57.208,30.0,30.0,0.0,0.0,0,0,0,0.0,0,0
57.276,30.0,30.0,0.0,0.0,0,0,0,0.0,0,0
57.307,30.0,30.0,0.0,0.0,0,0,0,0.0,0,0
57.341,30.0,30.0,0.0,0.0,0,0,0,0.0,0,0
57.405,30.0,30.0,0.0,0.0,0,0,0,0.0,0,0
57.437,30.0,30.0,0.0,0.0,0,0,0,0.0,0,0
57.471,30.0,30.0,0.0,0.0,0,0,0,0.0,0,0
57.505,30.0,30.0,0.0,0.0,0,0,0,0.0,0,0
57.537,30.0,30.0,0.0,0.0,0,0,0,0.0,0,0
57.573,30.0,30.0,0.0,0.0,0,0,0,0.0,0,0
57.609,30.0,30.0,0.0,0.0,0,0,0,0.0,0,0
57.672,30.0,30.0,0.0,0.0,0,0,0,0.0,0,0
57.704,30.0,30.0,0.0,0.0,0,0,0,0.0,0,0
57.737,30.0,30.0,0.0,0.0,0,0,0,0.0,0,0
57.771,30.0,30.0,0.0,0.0,0,0,0,0.0,0,0
57.805,30.0,30.0,0.0,0.0,0,0,0,0.0,0,0
57.836,30.0,30.0,0.0,0.0,0,0,0,0.0,0,0
57.874,30.0,30.0,0.0,0.0,0,0,0,0.0,0,0
57.907,30.0,30.0,0.0,0.0,0,0,0,0.0,0,0
57.973,30.0,30.0,0.0,0.0,0,0,0,0.0,0,0
58.005,30.0,30.0,0.0,0.0,0,0,0,0.0,0,0
58.038,30.0,30.0,0.0,0.0,0,0,0,0.0,0,0
58.074,30.0,30.0,0.0,0.0,0,0,0,0.0,0,0
58.134,30.0,30.0,0.0,0.0,0,0,0,0.0,0,0
58.172,30.0,30.0,0.0,0.0,0,0,0,0.0,0,0
58.208,30.0,30.0,0.0,0.0,0,0,0,0.0,0,0
58.279,30.0,30.0,0.0,0.0,0,0,0,0.0,0,0
58.333,30.0,30.0,0.0,0.0,0,0,0,0.0,0,0
58.372,30.0,30.0,0.0,0.0,0,0,0,0.0,0,0
58.404,30.0,30.0,0.0,0.0,0,0,0,0.0,0,0
58.437,30.0,30.0,0.0,0.0,0,0,0,0.0,0,0
58.474,30.0,30.0,0.0,0.0,0,0,0,0.0,0,0
58.505,30.0,30.0,0.0,0.0,0,0,0,0.0,0,0
58.537,30.0,30.0,0.0,0.0,0,0,0,0.0,0,0
58.571,30.0,30.0,0.0,0.0,0,0,0,0.0,0,0
58.604,30.0,30.0,0.0,0.0,0,0,0,0.0,0,0
58.64,30.0,30.0,0.0,0.0,0,0,0,0.0,0,0
58.67,30.0,30.0,0.0,0.0,0,0,0,0.0,0,0
58.709,30.0,30.0,0.0,0.0,0,0,0,0.0,0,0
58.774,30.0,30.0,0.0,0.0,0,0,0,0.0,0,0
58.805,30.0,30.0,0.0,0.0,0,0,0,0.0,0,0
58.837,30.0,30.0,0.0,0.0,0,0,0,0.0,0,0
58.876,30.0,30.0,0.0,0.0,0,0,0,0.0,0,0
58.907,30.0,30.0,0.0,0.0,0,0,0,0.0,0,0
58.97,30.0,30.0,0.0,0.0,0,0,0,0.0,0,0
59.004,30.0,30.0,0.0,0.0,0,0,0,0.0,0,0
59.034,30.0,30.0,0.0,0.0,0,0,0,0.0,0,0
59.073,30.0,30.0,0.0,0.0,0,0,0,0.0,0,0
59.107,30.0,30.0,0.0,0.0,0,0,0,0.0,0,0
59.145,30.0,30.0,0.0,0.0,0,0,0,0.0,0,0
59.203,30.0,30.0,0.0,0.0,0,0,0,0.0,0,0
59.233,30.0,30.0,0.0,0.0,0,0,0,0.0,0,0
59.273,30.0,30.0,0.0,0.0,0,0,0,0.0,0,0
59.305,30.0,30.0,0.0,0.0,0,0,0,0.0,0,0
59.337,30.0,30.0,0.0,0.0,0,0,0,0.0,0,0
59.371,30.0,30.0,0.0,0.0,0,0,0,0.0,0,0
59.407,30.0,30.0,0.0,0.0,0,0,0,0.0,0,0
59.442,30.0,30.0,0.0,0.0,0,0,0,0.0,0,0
59.471,30.0,30.0,0.0,0.0,0,0,0,0.0,0,0
59.503,30.0,30.0,0.0,0.0,0,0,0,0.0,0,0
59.537,30.0,30.0,0.0,0.0,0,0,0,0.0,0,0
59.572,30.0,30.0,0.0,0.0,0,0,0,0.0,0,0
59.605,30.0,30.0,0.0,0.0,0,0,0,0.0,0,0
59.639,30.0,30.0,0.0,0.0,0,0,0,0.0,0,0
59.672,30.0,30.0,0.0,0.0,0,0,0,0.0,0,0
59.705,30.0,30.0,0.0,0.0,0,0,0,0.0,0,0
59.74,30.0,30.0,0.0,0.0,0,0,0,0.0,0,0
59.772,30.0,30.0,0.0,0.0,0,0,0,0.0,0,0
59.804,30.0,30.0,0.0,0.0,0,0,0,0.0,0,0
59.837,30.0,30.0,0.0,0.0,0,0,0,0.0,0,0
59.872,30.0,30.0,0.0,0.0,0,0,0,0.0,0,0
59.907,30.0,30.0,0.0,0.0,0,0,0,0.0,0,0
59.972,30.0,30.0,0.0,0.0,0,0,0,0.0,0,0
60.005,30.0,30.0,0.0,0.0,0,0,0,0.0,0,0
60.036,30.0,30.0,0.0,0.0,0,0,0,0.0,0,0
60.073,30.0,30.0,0.0,0.0,0,0,0,0.0,0,0
60.106,30.0,30.0,0.0,0.0,0,0,0,0.0,0,0
60.14,30.0,30.0,0.0,0.0,0,0,0,0.0,0,0
60.172,30.0,30.0,0.0,0.0,0,0,0,0.0,0,0
60.206,30.0,30.0,0.0,0.0,0,0,0,0.0,0,0
60.239,30.0,30.0,0.0,0.0,0,0,0,0.0,0,0
60.275,30.0,30.0,0.0,0.0,0,0,0,0.0,0,0
60.309,30.0,30.0,0.0,0.0,0,0,0,0.0,0,0
60.341,30.0,30.0,0.0,0.0,0,0,0,0.0,0,0
60.37,30.0,30.0,0.0,0.0,0,0,0,0.0,0,0
60.403,30.0,30.0,0.0,0.0,0,0,0,0.0,0,0
60.435,30.0,30.0,0.0,0.0,0,0,0,0.0,0,0
60.474,30.0,30.0,0.0,0.0,0,0,0,0.0,0,0
60.506,30.0,30.0,0.0,0.0,0,0,0,0.0,0,0
60.54,30.0,30.0,0.0,0.0,0,0,0,0.0,0,0
60.604,30.0,30.0,0.0,0.0,0,0,0,0.0,0,0
60.636,30.0,30.0,0.0,0.0,0,0,0,0.0,0,0
60.672,30.0,30.0,0.0,0.0,0,0,0,0.0,0,0
60.705,30.0,30.0,0.0,0.0,0,0,0,0.0,0,0
60.743,30.0,30.0,0.0,0.0,0,0,0,0.0,0,0
60.772,30.0,30.0,0.0,0.0,0,0,0,0.0,0,0
60.804,30.0,30.0,0.0,0.0,0,0,0,0.0,0,0
60.837,30.0,30.0,0.0,0.0,0,0,0,0.0,0,0
60.873,30.0,30.0,0.0,0.0,0,0,0,0.0,0,0
60.907,30.0,30.0,0.0,0.0,0,0,0,0.0,0,0
60.937,30.0,30.0,0.0,0.0,0,0,0,0.0,0,0
60.972,30.0,30.0,0.0,0.0,0,0,0,0.0,0,0
61.006,30.0,30.0,0.0,0.0,0,0,0,0.0,0,0
61.039,30.0,30.0,0.0,0.0,0,0,0,0.0,0,0
61.074,30.0,30.0,0.0,0.0,0,0,0,0.0,0,0
61.109,30.0,30.0,0.0,0.0,0,0,0,0.0,0,0
61.174,30.0,30.0,0.0,0.0,0,0,0,0.0,0,0
61.206,30.0,30.0,0.0,0.0,0,0,0,0.0,0,0
61.238,30.0,30.0,0.0,0.0,0,0,0,0.0,0,0
61.272,30.0,30.0,0.0,0.0,0,0,0,0.0,0,0
61.305,30.0,30.0,0.0,0.0,0,0,0,0.0,0,0
61.341,30.0,30.0,0.0,0.0,0,0,0,0.0,0,0
61.372,30.0,30.0,0.0,0.0,0,0,0,0.0,0,0
61.404,30.0,30.0,0.0,0.0,0,0,0,0.0,0,0
61.437,30.0,30.0,0.0,0.0,0,0,0,0.0,0,0
61.471,30.0,30.0,0.0,0.0,0,0,0,0.0,0,0
61.505,30.0,30.0,0.0,0.0,0,0,0,0.0,0,0
61.537,30.0,30.0,0.0,0.0,0,0,0,0.0,0,0
61.568,30.0,30.0,0.0,0.0,0,0,0,0.0,0,0
61.607,30.0,30.0,0.0,0.0,0,0,0,0.0,0,0
61.669,30.0,30.0,0.0,0.0,0,0,0,0.0,0,0
61.704,30.0,30.0,0.0,0.0,0,0,0,0.0,0,0
61.735,30.0,30.0,0.0,0.0,0,0,0,0.0,0,0
61.772,30.0,30.0,0.0,0.0,0,0,0,0.0,0,0
61.805,30.0,30.0,0.0,0.0,0,0,0,0.0,0,0
61.838,30.0,30.0,0.0,0.0,0,0,0,0.0,0,0
61.872,30.0,30.0,0.0,0.0,0,0,0,0.0,0,0
61.907,30.0,30.0,0.0,0.0,0,0,0,0.0,0,0
61.937,30.0,30.0,0.0,0.0,0,0,0,0.0,0,0
61.971,30.0,30.0,0.0,0.0,0,0,0,0.0,0,0
62.004,30.0,30.0,0.0,0.0,0,0,0,0.0,0,0
62.035,30.0,30.0,0.0,0.0,0,0,0,0.0,0,0
62.072,30.0,30.0,0.0,0.0,0,0,0,0.0,0,0
62.106,30.0,30.0,0.0,0.0,0,0,0,0.0,0,0
62.14,30.0,30.0,0.0,0.0,0,0,0,0.0,0,0
62.172,30.0,30.0,0.0,0.0,0,0,0,0.0,0,0
62.206,30.0,30.0,0.0,0.0,0,0,0,0.0,0,0
62.238,30.0,30.0,0.0,0.0,0,0,0,0.0,0,0
62.275,30.0,30.0,0.0,0.0,0,0,0,0.0,0,0
62.309,30.0,30.0,0.0,0.0,0,0,0,0.0,0,0
62.34,30.0,30.0,0.0,0.0,0,0,0,0.0,0,0
62.37,30.0,30.0,0.0,0.0,0,0,0,0.0,0,0
62.403,30.0,30.0,0.0,0.0,0,0,0,0.0,0,0
62.436,30.0,30.0,0.0,0.0,0,0,0,0.0,0,0
62.472,30.0,30.0,0.0,0.0,0,0,0,0.0,0,0
62.504,30.0,30.0,0.0,0.0,0,0,0,0.0,0,0
62.539,30.0,30.0,0.0,0.0,0,0,0,0.0,0,0
62.571,30.0,30.0,0.0,0.0,0,0,0,0.0,0,0
62.606,30.0,30.0,0.0,0.0,0,0,0,0.0,0,0
62.638,30.0,30.0,0.0,0.0,0,0,0,0.0,0,0
62.67,30.0,30.0,0.0,0.0,0,0,0,0.0,0,0
62.706,30.0,30.0,0.0,0.0,0,0,0,0.0,0,0
62.741,30.0,30.0,0.0,0.0,0,0,0,0.0,0,0
62.803,30.0,30.0,0.0,0.0,0,0,0,0.0,0,0
62.832,30.0,30.0,0.0,0.0,0,0,0,0.0,0,0
62.87,30.0,30.0,0.0,0.0,0,0,0,0.0,0,0
62.904,30.0,30.0,0.0,0.0,0,0,0,0.0,0,0
62.938,30.0,30.0,0.0,0.0,0,0,0,0.0,0,0
62.976,30.0,30.0,0.0,0.0,0,0,0,0.0,0,0
63.035,30.0,30.0,0.0,0.0,0,40,0,0.673,0,0
63.072,30.0,30.0,0.0,0.0,0,0,0,0.0,0,0
63.104,30.0,30.0,0.0,0.0,0,40,0,0.698,0,0
63.135,30.0,30.0,0.0,0.0,0,40,0,0.609,0,0
63.172,30.0,30.0,0.0,0.0,0,40,40,0.756,0,0
63.205,30.0,30.0,0.0,0.0,0,40,40,0.71,0,0
63.237,30.0,30.0,0.0,0.0,0,40,40,0.61,0,0
63.275,30.0,30.0,0.0,0.0,0,40,40,0.701,0,0
63.336,30.0,30.0,0.0,0.0,0,40,40,0.607,0,0
63.374,30.0,30.0,0.0,0.0,0,0,0,0.0,0,0
63.406,30.0,30.0,0.0,0.0,0,0,0,0.0,0,0
63.437,30.0,30.0,0.0,0.0,0,40,0,0.681,0,0
63.474,30.0,30.0,0.0,0.0,0,0,0,0.0,0,0
63.537,30.0,30.0,0.0,0.0,0,0,0,0.0,0,0
63.571,30.0,30.0,0.0,0.0,0,0,0,0.0,0,0
63.606,30.0,30.0,0.0,0.0,0,0,0,0.0,0,0
63.636,30.0,30.0,0.0,0.0,0,0,0,0.0,0,0
63.676,30.0,30.0,0.0,0.0,0,0,0,0.0,0,0
63.707,30.0,30.0,0.0,0.0,0,0,0,0.0,0,0
63.74,30.0,30.0,0.0,0.0,0,0,0,0.0,0,0
63.774,30.0,30.0,0.0,0.0,0,0,0,0.0,0,0
63.807,30.0,30.0,0.0,0.0,0,0,0,0.0,0,0
63.838,30.0,30.0,0.0,0.0,0,0,0,0.0,0,0
63.871,30.0,30.0,0.0,0.0,0,0,0,0.0,0,0
63.907,30.0,30.0,0.0,0.0,0,0,0,0.0,0,0
63.94,30.0,30.0,0.0,0.0,0,0,0,0.0,0,0
63.976,30.0,30.0,0.0,0.0,0,0,0,0.0,0,0
64.04,30.0,30.0,0.0,0.0,0,0,0,0.0,0,0
64.074,30.0,30.0,0.0,0.0,0,0,0,0.0,0,0
64.107,30.0,30.0,0.0,0.0,0,0,0,0.0,0,0
64.138,30.0,30.0,0.0,0.0,0,0,0,0.0,0,0
64.177,30.0,30.0,0.0,0.0,0,0,0,0.0,0,0
64.206,30.0,30.0,0.0,0.0,0,0,0,0.0,0,0
64.242,30.0,30.0,0.0,0.0,0,40,0,0.606,0,0
64.306,30.0,30.0,0.0,0.0,0,0,0,0.0,0,0
64.339,30.0,30.0,0.0,0.0,0,0,0,0.0,0,0
64.37,30.0,30.0,0.0,0.0,0,0,0,0.0,0,0
64.404,30.0,30.0,0.0,0.0,0,0,0,0.0,0,0
64.437,30.0,30.0,0.0,0.0,0,40,0,0.631,0,0
64.473,30.0,30.0,0.0,0.0,0,40,0,0.678,0,0
64.505,30.0,30.0,0.0,0.0,0,0,0,0.0,0,0
64.538,30.0,30.0,0.0,0.0,0,0,0,0.0,0,0
64.573,30.0,30.0,0.0,0.0,0,0,0,0.0,0,0
64.607,30.0,30.0,0.0,0.0,0,0,0,0.0,0,0
64.639,30.0,30.0,0.0,0.0,0,0,0,0.0,0,0
64.673,30.0,30.0,0.0,0.0,0,0,0,0.0,0,0
64.705,30.0,30.0,0.0,0.0,0,0,0,0.0,0,0
64.738,30.0,30.0,0.0,0.0,0,0,0,0.0,0,0
64.774,30.0,30.0,0.0,0.0,0,0,0,0.0,0,0
64.806,30.0,30.0,0.0,0.0,0,0,0,0.0,0,0
64.84,30.0,30.0,0.0,0.0,0,0,0,0.0,0,0
64.872,30.0,30.0,0.0,0.0,0,0,0,0.0,0,0
64.906,30.0,30.0,0.0,0.0,0,0,0,0.0,0,0
64.94,30.0,30.0,0.0,0.0,0,0,0,0.0,0,0
64.974,30.0,30.0,0.0,0.0,0,0,0,0.0,0,0
65.005,30.0,30.0,0.0,0.0,0,0,0,0.0,0,0
65.041,30.0,30.0,0.0,0.0,0,40,0,0.725,0,0
65.072,30.0,30.0,0.0,0.0,0,0,0,0.0,0,0
65.106,30.0,30.0,0.0,0.0,0,40,0,0.606,0,0
65.136,30.0,30.0,0.0,0.0,0,40,0,0.671,0,0
65.17,30.0,30.0,0.0,0.0,0,0,0,0.0,0,0
65.204,30.0,30.0,0.0,0.0,0,0,0,0.0,0,0
65.238,30.0,30.0,0.0,0.0,0,0,0,0.0,0,0
65.271,30.0,30.0,0.0,0.0,0,0,0,0.0,0,0
65.307,30.0,30.0,0.0,0.0,0,0,0,0.0,0,0
65.337,30.0,30.0,0.0,0.0,0,0,0,0.0,0,0
65.37,30.0,30.0,0.0,0.0,0,0,0,0.0,0,0
65.404,30.0,30.0,0.0,0.0,0,0,0,0.0,0,0
65.441,30.0,30.0,0.0,0.0,0,0,0,0.0,0,0
65.504,30.0,30.0,0.0,0.0,0,0,0,0.0,0,0
65.54,30.0,30.0,0.0,0.0,0,0,0,0.0,0,0
65.573,30.0,30.0,0.0,0.0,0,0,0,0.0,0,0
65.605,30.0,30.0,0.0,0.0,0,0,0,0.0,0,0
65.64,30.0,30.0,0.0,0.0,0,0,0,0.0,0,0
65.673,30.0,30.0,0.0,0.0,0,0,0,0.0,0,0
65.707,30.0,30.0,0.0,0.0,0,0,0,0.0,0,0
65.741,30.0,30.0,0.0,0.0,0,0,0,0.0,0,0
65.772,30.0,30.0,0.0,0.0,0,0,0,0.0,0,0
65.807,30.0,30.0,0.0,0.0,0,0,0,0.0,0,0
65.842,30.0,30.0,0.0,0.0,0,0,0,0.0,0,0
65.872,30.0,30.0,0.0,0.0,0,0,0,0.0,0,0
65.905,30.0,30.0,0.0,0.0,0,0,0,0.0,0,0
65.939,30.0,30.0,0.0,0.0,0,0,0,0.0,0,0
65.972,30.0,30.0,0.0,0.0,0,0,0,0.0,0,0
66.006,30.0,30.0,0.0,0.0,0,0,0,0.0,0,0
66.039,30.0,30.0,0.0,0.0,0,0,0,0.0,0,0
66.076,30.0,30.0,0.0,0.0,0,0,0,0.0,0,0
66.106,30.0,30.0,0.0,0.0,0,0,0,0.0,0,0
66.138,30.0,30.0,0.0,0.0,0,0,0,0.0,0,0
66.172,30.0,30.0,0.0,0.0,0,0,0,0.0,0,0
66.205,30.0,30.0,0.0,0.0,0,0,0,0.0,0,0
66.241,30.0,30.0,0.0,0.0,0,0,0,0.0,0,0
66.273,30.0,30.0,0.0,0.0,0,0,0,0.0,0,0
66.307,30.0,30.0,0.0,0.0,0,0,0,0.0,0,0
66.34,30.0,30.0,0.0,0.0,0,0,0,0.0,0,0
66.375,30.0,30.0,0.0,0.0,0,0,0,0.0,0,0
66.407,30.0,30.0,0.0,0.0,0,0,0,0.0,0,0
66.44,30.0,30.0,0.0,0.0,0,0,0,0.0,0,0
66.473,30.0,30.0,0.0,0.0,0,0,0,0.0,0,0
66.509,30.0,30.0,0.0,0.0,0,0,0,0.0,0,0
66.543,30.0,30.0,0.0,0.0,0,0,0,0.0,0,0
66.606,30.0,30.0,0.0,0.0,0,0,0,0.0,0,0
